Rank,School,Name,Elo,DD Student,NSD Student
1,Strake Stratton & Murthy,Murthy & Stratton,2035.201,N,N,
2,Emerald GA,Agarwal & Gabada,2015.811,N,Y,
3,Plano West AB,Appan & Bai,2009.373,N,N,
4,Pittsburgh Central Catholic GA,Athanassiou & Gandhi,2001.794,N,Y,
5,Harker LL,Le & Luo,1983.53,N,Y,
6,Nueva AG,Alferness & Gupta,1969.11,N,N,
7,College Prep HS,Hao & Sabnani,1965.556,N,Y,
8,Avenues: The World CB,Brashear & Chen,1959.569,Y,Y,
9,Strake Jesuit  CM,Castillo & Magon,1942.692,N,N,
10,National Debate Club (NDC) IB,Balu & Iyengar,1929.326,N,N,
11,Fairmont Prep LS,Lunde & Shah,1919.099,N,Y,
12,JR Masterman AS,Albert & Samara-Reuter,1919.064,N,Y,
13,College Prep FK,Falk & Kurland,1913.445,N,Y,
14,Basis Langley Independent RC,Chun & Rask,1913.043,N,N,
15,Lincoln-Sudbury KA,Ayala & Khan,1910.778,N,Y,
16,Arlington LC,Carman & Lay,1902.571,N,Y,
17,Strake Jesuit  HL,Hablinski & Li,1895.688,N,N,
18,Potomac MS,Mankovsky & Shanmugam,1889.969,N,Y,
19,Fairmont Prep KT,Kang & Tsai,1887.636,N,Y,
20,Westwood PS,Patil & Shah,1885.83,N,Y,
21,Leland JY,Jamdar & Yu,1882.632,N,N,
22,Seven Lakes LC,Chen & Lin,1878.982,N,Y,
23,Los Altos DD,Desai & Ding,1874.618,N,Y,
24,Palm Harbor ML,Lawrence & Mrkva,1872.329,N,Y,
25,Awty International XZ,Xu & Zhao,1855.448,N,Y,
26,Emerald SB,Baindla & Saravanan,1847.632,N,N,
27,Delbarton AX,Aiello & Xu,1836.98,N,N,
28,Germantown Friends LZ,Li & Zhong,1832.842,N,N,
29,Newton South LoSc,Lock & Scheufele,1825.112,N,N,
30,Miramonte CC,Chen & Chung,1819.392,N,Y,
31,Strath Haven DF,Dudley & Foster,1811.769,N,Y,
32,Trinity Prep DC,Chong & Daniel,1811.578,N,N,
33,Lincoln-Sudbury RC,Chen & Rani,1805.792,N,N,
34,BASIS Peoria Independent AL,Ashok & Lohani,1805.65,N,Y,
35,River Hill BT,Bi & Tang,1795.021,N,Y,
36,Emerald GK,Gairola & Karur-Parekh,1794.985,Y,Y,
37,Milton Acad XC,Choe & Xue,1793.009,N,Y,
38,National Debate Club (NDC) LL,Li & Liu,1784.617,N,Y,
39,Lexington SM,Ma & Sethi,1781.466,N,Y,
40,Nueva SE,Emanuel & Soral,1779.847,N,N,
41,Acton-Boxborough KE,Eadala & Kozlov,1773.795,N,Y,
42,Stuyvesant BD,Bovenzi & Devery,1770.136,N,N,
43,Thomas S. Wootton PT,Parmar & Tian,1769.665,N,N,
44,Langley CB,Bazaz & Chun,1769.339,N,N,
45,BASIS Phoenix GP,Grabel & Pehkonen,1768.576,N,Y,
46,Dougherty Valley WB,Bahrani & Wu,1768.23,N,Y,
47,Fairmont Prep PJ,Ji & Patel,1767.47,N,Y,
48,Cranbrook FQ,Feng & Qian,1765.809,N,N,
49,VDA - Vancouver TZ,Tu & Zhou,1765.679,N,Y,
50,Omega ZC,Chen & Zhao,1761.522,N,Y,
51,Millburn SK,Kapur & Sinha,1753.159,N,Y,
52,Southlake Carroll GW,Golla & Wang,1751.558,N,Y,
53,Lake Highland Prep AG,Arain & Ghanem,1751.022,N,Y,
54,Emerald KL,Karur-Parekh & Liao,1750.822,N,N,
55,Ridge SL,Li & Sateeja,1748.074,N,N,
56,CR North KV,Kapure & Vatsya,1746.132,N,Y,
57,Leland MR,Madhav & Rao,1744.818,N,Y,
58,Nueva RI,Iyer & Rong,1741.467,N,Y,
59,Lawrenceville MC,Chidambaram & Miao,1741.406,N,Y,
60,Acton-Boxborough GW,Gupta & Wu,1735.374,Y,Y,
61,Millburn CW,Chen & Wang,1735.108,N,Y,
62,Overlake CM,Chopra & Malakapalli,1730.091,N,N,
63,Campbell Hall Jared Bart & Alexandra Kosloff,Bart & Kosloff,1728.958,N,N,
64,Flintridge Prep CB,Bae & Cooper,1728.951,N,N,
65,American JP,Jyothis & Parikh,1727.357,N,N,
66,Nueva YD,D'Agostino & Yang,1726.356,N,N,
67,NS Independent PW,Paltrowitz & Wang,1722.765,N,Y,
68,Strath Haven SZ,Singh & Zhang,1721.414,N,Y,
69,Christopher Columbus CR,Caram & Ross,1720.844,N,Y,
70,Regis AL,Augustine & Lauriello,1716.49,N,N,
71,Vanguard Independent KP,Kurup & Peter,1714.918,N,N,
72,National Debate Club (NDC) HS,Hui & Sudhakar,1713.737,N,N,
73,Theodore Roosevelt MC,Chilongo & McIver,1712.576,N,N,
74,Hunter OT,O'Brien & Tang,1710.526,N,N,
75,Eden Prairie VD,Deep & Virdi,1708.931,N,N,
76,Richard Montgomery WY,Wei & Yuan,1708.5,N,Y,
77,Stuyvesant LB,Binyaminov & Li,1700.727,N,N,
78,Oakwood GR,Gardner-Berg & Rosenfelt,1691.129,N,N,
79,Jasper HL,Harika & Liang,1688.869,N,Y,
80,Delbarton RW,Ross & Wyso,1688.863,N,N,
81,Charlotte Latin RW,Rao & Willett,1687.388,N,N,
82,Jellyfish Independent LW,Li & Wang,1687.189,N,Y,
83,Summit AH,Arora & Huang,1685.634,N,Y,
84,Lexington LM,Liu & Ma,1684.763,N,Y,
85,Westwood TX,Tran & Xu,1684.145,N,Y,
86,George Washington HD,Duffy & Holguin,1683.737,N,N,
87,Taipei American HT,Hung & Tsai,1680.724,N,Y,
88,Horace Mann PJ,Ji & Park,1680.419,N,Y,
89,American Heritage Palm Beach DJ,Dahabra & Jemail,1679.448,N,N,
90,Newton South TB,Brown & Telio,1679.242,N,N,
91,Mountain View BS,Beri & Srivatsa,1678.332,N,N,
92,Canyon Crest SR,Rupareliya & Shi,1675.625,N,N,
93,Livingston YZ,Yan & Zhong,1675.105,N,N,
94,Hunter WT,Turner-Walkowitz & Wan,1674.515,Y,Y,
95,MSTW Independent SK,Krish & Shah,1673.357,N,N,
96,Theodore Roosevelt MM,Magill & Melam,1670.385,N,N,
97,Emerald GK,Gabada & Karur-Parekh,1668.244,Y,Y,
98,Fairmont Prep PP,Patel & Patel,1668.182,N,Y,
99,Interlake WZ,Wu & Zheng,1664.369,N,Y,
100,Trinity Prep DP,Daniel & Paul,1664.217,N,N,
101,Maret LH,Hernandez & Lee,1663.878,N,Y,
102,Lincoln East JS,Jangala & Sathish,1660.5,N,N,
103,North Allegheny GR,Ghosh & Raajiv,1659.303,N,N,
104,Bronx Science BI,Branch & Isaacs,1659.178,N,Y,
105,Brentwood JS,Johnson & Sidiqyar,1659.069,N,N,
106,Gunn LC,Chang & Laxman,1657.833,N,N,
107,American Heritage Broward PC,Chen & Pinto,1656.23,N,Y,
108,Vista Del Lago YK,Kolli & Yarlagadda,1654.065,N,N,
109,Horace Mann CP,Cheng & Paksima,1653.133,N,N,
110,Atlantic Independent CL,Chen & Lee,1651.954,N,Y,
111,Bronx Science CC,Comisarow & Croft,1651.591,N,Y,
112,Livingston NZ,Nistala & Zhang,1651.308,N,Y,
113,West Windsor Plainsboro South MS,Maheshwari & Shenoy,1650.611,N,Y,
114,Saratoga LT,Luo & Tsang,1650.541,N,N,
115,Lexington HH,Hassan & Hosamani,1649.197,N,Y,
116,Fairmont Prep SC,Chang & Seth,1648.359,N,Y,
117,Bridgewater Raritan MK,Khanna & Marathe,1648.107,N,N,
118,Iowa City West EA,Ahmad & El-Fadil,1647.839,N,N,
119,Dougherty Valley KJ,Jamal & Kiran,1647.625,N,N,
120,Newton South LS,Lu & Song,1647.319,N,Y,
121,Dougherty Valley KT,Kummariguntla & Thacker,1646.917,N,N,
122,Magnolia DL,Ding & Lou,1646.533,N,N,
123,Taipei American AB,Aung & Bate,1646.396,N,N,
124,Lexington PZ,Patel & Zhao,1646.225,N,Y,
125,Academy at Palumbo CS,Cutrone & Semmel,1645.53,N,Y,
126,Nueva MW,McLaughlin & Wojin,1645.171,N,Y,
127,Blake TB,Banatwala & Tarafder,1643.297,N,N,
128,Christopher Columbus GG,Gell & Gonzalez,1642.78,Y,Y,
129,Bellarmine  BI,Banka & Iyengar,1642.041,N,N,
130,Harbinger XW,Wang & Xi,1641.532,N,N,
131,Thomas Wootton Independent LP,Lee & Parmar,1636.794,N,Y,
132,Lambert Independent ML,Liu & Mukker,1635.021,N,N,
133,Mira Loma GS,Gundimeda & Singh,1634.904,N,N,
134,Seven Lakes EM,Eswar & Meghani,1634.438,N,N,
135,San Marino Xinyi Li & Sarah Tran,Li & Tran,1634.425,N,Y,
136,Brentwood PS,Pazona & Schneider,1633.091,N,Y,
137,Riverside SL,Li & Sakamuri,1632.646,N,N,
138,Livingston TN,Nistala & Tripathi,1631.971,N,Y,
139,Nueva KZ,Kulkarni & Zhang,1631.688,N,Y,
140,Strake Jesuit  CN,Carlile & Ngo,1631.542,N,N,
141,Bergen WZ,Wadhera & Zhang,1631.011,N,Y,
142,Blake CB,Balachander & Chen,1630.716,N,N,
143,Summit TM,Mudgal & Tham,1630.467,N,Y,
144,Livingston LG,Gupta & Li,1630.104,N,Y,
145,Archbishop Mitty SV,Shim & Vohra,1629.451,N,N,
146,Ardrey Kell GS,Gokulkumar & She,1628.095,N,N,
147,Sac Country Day PM,Minton & Pradeep,1626.979,N,N,
148,Omega ZZ,Zhang & Zhao,1626.969,N,Y,
149,Syosset MZ,Meng & Zhao,1626.616,Y,Y,
150,Plano West BC,Bai & Chang,1625.495,N,N,
151,Southlake Carroll DT,Dharani & Tummala,1625.029,N,N,
152,Leland LC,Chang & Lee,1624.457,N,Y,
153,Charlotte Latin RB,Berman & Rao,1624.186,N,Y,
154,Lexington RaRe,Raythatha & Revankar,1624.105,N,Y,
155,Northside Prep PR,Padwalkar & Ramaswamy,1623.139,N,N,
156,StJoh Greenberg & Zhao,Greenberg & Zhao,1622.882,N,Y,
157,Cambridge LK,Kim & Lee,1622.558,N,Y,
158,Nueva DZ,D'Agostino & Zhang,1621.303,N,N,
159,Delbarton LK,Kapp & Leidl,1621.115,N,N,
160,Archbishop Mitty HK,Huang & Kwok,1620.86,N,Y,
161,East Ridge MV,Mohta & Venkat,1620.736,Y,Y,
162,Vista Del Lago BP,Balakrishnan & Pasumarthi,1620.685,N,Y,
163,Palm Beach Independent MM,Mason & McDowell,1620.566,N,N,
164,Evergreen Valley CZ,Corbu & Zhang,1619.067,N,N,
165,Princeton Independent WT,Tauro & Wu,1618.068,N,N,
166,Gulliver Prep Nabeel Ishoof & Tamara Santoyo Geijo,Ishoof & Santoyo,1618.065,N,N,
167,Durham BH,Bass & Hechema,1617.534,N,N,
168,Kinkaid ZC,Cai & Zhou,1616.036,N,Y,
169,Northwood XB,Bhootra & Xiong,1615.996,N,N,
170,Bronx Science BM,Buchalter & Makino,1615.696,N,N,
171,McDowell DS,Deventhira-Raja & Shankar,1614.761,N,N,
172,Bellevue SZ,Shaikh & Zhou,1613.394,N,N,
173,Fairmont Prep NP,Ngo & Park,1612.518,N,Y,
174,Cambridge LY,Lee & Yang,1612.346,N,N,
175,Fairmont Prep LH,Harrison & Li,1611.737,N,N,
176,Riverside VV,Virmani & Virmani,1611.113,N,N,
177,Cupertino GX,Gudala & Xiong,1610.974,N,N,
178,Leland JL,Jamdar & Lee,1610.563,N,N,
179,Vista Del Lago RK,Kallepalli & Rajeshkumar,1610.559,N,N,
180,Acton-Boxborough NS,Narra & Shroff,1609.437,N,Y,
181,Strake Jesuit  HJ,Hasan & Jumalon,1608.401,N,Y,
182,Acton-Boxborough ES,Ebbin & Shang,1607.922,N,Y,
183,NS Independent CY,Choudhury & Yee,1607.818,N,N,
184,BASIS Peoria CK,Cho & Kusurkar,1605.854,N,N,
185,Mount Auburn Hospital CZ,Choe & Zhao,1605.509,N,Y,
186,Winston Churchill FK,Fan & Kella,1605.374,N,Y,
187,Milpitas DK,Dani & Kadalayil,1605.21,N,N,
188,National Debate Club (NDC) YQ,Qiu & Yang,1605.089,N,N,
189,American Heritage Palm Beach CJ,Cohen & Jemail,1604.809,N,N,
190,Brooks Debate Institute PS,Pala & Shah,1604.4,N,N,
191,Friends School of Baltimore HK,Hair-Ralston & Kurlantzick,1604.363,N,Y,
192,Southlake Carroll ST,Subhash & Tamirisa,1604.154,N,N,
193,Emerald XK,Krishnakumar & Xu,1603.828,N,N,
194,Bronx Science AC,Auth & Campbell,1603.807,N,N,
195,Leland SL,Lee & Sengupta,1601.914,N,N,
196,McLean LT,Lowe & Thomas,1601.775,N,N,
197,Canyon HS,Hwang & Singh,1601.398,N,Y,
198,Monte Vista BM,Balaji & Muthuraman,1601.12,N,N,
199,Regis FP,Feldman & Picciano,1600.572,N,N,
200,Robinson MB,Borunda & Musolino,1599.746,N,Y,
201,Arlington PZ,Potere & Zaganjori,1599.674,N,N,
202,Trinity MC,Chiang & Masella,1599.516,N,N,
203,NS Independent PL,Liang & Pang,1598.182,N,Y,
204,Lexington SR,Roy & Sawant,1598.053,N,N,
205,Browning RR,Rance & Regier,1596.887,N,N,
206,Oakwood TT,Turk & Turk,1596.678,N,N,
207,Harker GV,Gupta & Vijay,1595.259,N,Y,
208,Bergen WS,Song & Wadhera,1595.111,N,Y,
209,Lincoln East AG,Agarwal & Ganesh,1594.899,N,N,
210,Milpitas XS,Sana & Xie,1593.628,N,N,
211,Summit ZS,Sood & Zahtila,1593.266,N,Y,
212,Saratoga LJ,Julka & Liu,1591.199,N,N,
213,National Debate Club (NDC) CP,Chen & Padwalkar,1589.572,N,N,
214,Arizona Chandler Independent AD,Avadhani & Duggirala,1589.512,N,Y,
215,Germantown Friends PX,Park & Xu,1589.324,N,Y,
216,Bronx Science AE,Akella & Emery,1589.275,N,N,
217,Ridge LO,Li & Olesnyckyj,1588.762,N,N,
218,Newton South KL,Kopinja & Levy,1587.699,N,N,
219,Strake Jesuit  NW,Ngo & Wan,1587.602,N,Y,
220,Walton KL,Kalra & Leger,1587.287,N,Y,
221,Bergen TS,Suh & Tucker,1587.25,N,N,
222,Blake SV,Sosseh & Vora,1586.639,N,N,
223,Lexington LX,Li & Xia,1585.779,N,N,
224,James Madison SS,Saraf & Shnekendorf,1584.661,N,N,
225,North Allegheny DD,Dassanaike-Perera & Du,1584.47,N,N,
226,Bronx Science TT,Tan & Tsao,1583.913,N,Y,
227,Newton South PT,Pang & Tendulkar,1583.814,N,Y,
228,College Prep JL,Jhaveri & Lee,1582.92,N,N,
229,Harker BC,Bawa & Cao,1582.855,N,N,
230,Montville GG,Gokaraju & Gontla,1581.234,N,N,
231,Collegiate FK,Frank & Kosner,1580.933,N,N,
232,Bellai Ahmed & Cheng,Ahmed & Cheng,1580.64,N,N,
233,Lawrenceville AV,Agarwal & Vattipulusu,1580.343,N,N,
234,Great Neck North ZV,Volkov & Zhao,1579.379,N,N,
235,Westwood AG,Annamreddy & Guduru,1578.978,N,N,
236,Laksh LN,Liu & Neginhal,1578.903,N,N,
237,Durham SE,Erden & Spitzer,1578.658,N,N,
238,Bronx Science MN,Muñoz & Namgyal,1578.599,N,N,
239,North Allegheny SN,Nagarajan & Sunthar,1577.991,N,Y,
240,Newton South WX,Wang & Xiao,1577.675,N,Y,
241,Millburn CT,Chung & Tyagi,1577.272,N,Y,
242,Poolesville DH,Dave & Hou,1576.984,N,N,
243,Denver East RA,Abrams & Rasmussen,1576.865,N,N,
244,Hunter SS,Sandu & Schonfeld,1575.928,N,N,
245,North Gwinnett AL,Annambhotla & Lee,1575.855,N,N,
246,Vanguard Independent BN,Biju & Nukala,1575.41,N,N,
247,Scarsdale PA,Auerbach & Pascutti,1574.435,N,Y,
248,BASIS Scottsdale GA,Arbit & Gupta,1574.183,N,N,
249,Strake Jesuit  KH,Hadi & Kirichenko,1573.967,N,Y,
250,Emerald GS,Gabada & Saravanan,1573.827,N,N,
251,Cambridge LS,Lee & Shen,1573.265,N,N,
252,Scarsdale WH,He & Wang,1572.464,N,Y,
253,Bridgewater Raritan PS,Patel & Singh,1572.427,N,Y,
254,Princeton Independent SH,Huang & Sama,1572.19,N,N,
255,College Prep BD,Beamer & Dhillon,1571.825,N,Y,
256,Westlake GR,Garimella & Rana,1571.796,N,N,
257,Regis MF,Felipe & Marks,1571.17,N,N,
258,Avenues: The World JY,Jacques & Yi,1570.964,N,Y,
259,Boston Latin LP,Li & Parsi,1570.75,N,N,
260,Saratoga RT,Ravishankar & Tirthapura,1570.258,N,N,
261,Ridge HN,Hira & Narang,1569.777,N,N,
262,St Mary's Hall JM,Jafferali & Manso,1569.595,N,N,
263,National Debate Club (NDC) DI,Dandekar & Iyengar,1569.27,N,N,
264,American Heritage Palm Beach SW,Shleifer & Wang,1569.174,N,N,
265,Brooks Debate Institute BS,Bhutoria & Sethuraman,1568.906,N,N,
266,Milton Acad WL,Lara & Wan,1568.889,N,N,
267,Mission San Jose PS,Pala & Sethuraman,1568.586,N,N,
268,Ravenwood IT,Ideus & Tiyyagura,1568.447,N,N,
269,Plano Senior GS,Garg & Shankar,1567.912,N,Y,
270,Lakeville North TS,Shao & Tung,1567.515,N,N,
271,Lexington RS,Revankar & Sethi,1567.344,N,Y,
272,National Debate Club (NDC) LG,Gupta & Lee,1567.325,N,Y,
273,Monte Vista GV,Gajjar & Vasudeva,1567.011,N,Y,
274,Palm Beach Independent PM,Mo & Parsi,1566.878,N,N,
275,Acton-Boxborough GS,Gollapudi & Sivasenthil,1565.461,N,Y,
276,Charlotte Latin CB,Berman & Chandra,1564.785,N,Y,
277,Potomac YB,Bernhoft & Yatskar,1564.732,N,N,
278,ColPre BF,Boscardin & Falk,1564.634,N,N,
279,CR North KY,Kulshrestha & Ye,1564.603,N,Y,
280,Hunter CD,Chisholm & Deng,1564.38,N,Y,
281,East Ridge JM,Jung & Mohta,1563.83,N,Y,
282,Lexington ML,Liu & Meka,1563.728,N,N,
283,Olympic Heights BL,Birken & Larkin,1562.855,N,N,
284,Frist Institute CG,Chen & Ganesh,1562.713,N,N,
285,Lincoln East NB,Bobaru & Neamu,1562.243,N,N,
286,Mountain Brook LH,Holden & Long,1560.899,N,N,
287,Delbarton KS,Kapp & Sardar,1560.63,N,N,
288,College Prep RB,Boscardin & Rees,1560.551,N,N,
289,Newton South DM,Dalzell & Miller,1560.087,N,N,
290,Windemere Ranch ADACC KB,Barodawala & Karthikeyan,1559.895,N,N,
291,Westlake MN,Mujeeb & Nguyen,1559.778,N,N,
292,Vanguard Independent BS,Biju & Sisodiya,1559.659,N,N,
293,Blake DP,Deng & Padmanabhan,1559.425,N,N,
294,College Prep DS,Dhillon & Sabnani,1559.126,N,Y,
295,BASIS Chandler AY,Annapureddy & Yelamanchili,1558.694,N,N,
296,Magnolia CS,Choubey & Shah,1558.542,N,N,
297,Chaska NB,Brothers & Nesvold,1557.809,N,N,
298,Ridge BP,Bonda & Pyloore,1556.959,N,N,
299,Montgomery Blair AS,Awasthi & Shenolikar,1556.931,N,N,
300,Mira Loma KG,Gargas & Kate,1556.925,N,N,
301,Trinity WW,Wagner & Watts,1556.859,N,N,
302,Emerald HR,Haile & Ramalingam,1556.827,N,N,
303,Cherry Hill HS East RH,Huynh & Ren,1556.475,N,N,
304,Bronx Science LT,Lowell & Treinkman,1556.021,N,N,
305,Fairmont Prep SM,Milik & Seth,1556.009,N,Y,
306,Princeton HJ,Huang & Jain,1555.919,N,N,
307,Milpitas ND,Damaraju & Nguyen,1555.722,N,N,
308,Bronx Science GM,Ginsberg & Misra,1555.078,N,N,
309,Pingry PW,Park & Wu,1553.649,N,Y,
310,Strake Jesuit  DK,Donovan & Kyle,1553.646,N,N,
311,Interlake RW,Ramaswamy & Wu,1553.35,N,N,
312,Harker BG,Bawa & Gupta,1553.173,N,N,
313,Arizona Chandler Independent VV,Velicheti & Venkat,1553.126,N,Y,
314,Langley SK,Killian & Shi,1552.751,N,N,
315,VDA - Vancouver YL,Lu & Ye,1552.64,N,Y,
316,Carrollton SB,Berg & Stuart,1551.898,N,N,
317,Mountain View LM,Lin & Matot,1551.626,N,N,
318,Cranbrook AJ,Ahn & Jain,1551.318,N,N,
319,Westlake MR,Mujeeb & Reddy,1550.866,N,N,
320,Lake Highland Prep AS,Armoghan & Sant,1550.818,N,N,
321,BC Academy MP,Ma & Park,1550.594,N,Y,
322,Los Altos WM,Malhotra & Wang,1550.489,N,N,
323,Livingston TZ,Tripathi & Zhang,1550.035,N,Y,
324,University CW,Chan & Wazni,1549.969,N,N,
325,Arizona Chandler Independent ZZ,Zahid & Zhang,1549.548,N,Y,
326,Lakeville North WK,Kosobud & Wells,1549.452,N,N,
327,Los Altos LL,Lin & Lingo,1549.291,N,N,
328,Lincoln-Sudbury KC,Chen & Khan,1549.197,N,Y,
329,MSTW Independent SD,Dham & Sankar,1549.054,N,N,
330,CR North PR,Peng & Rozinsky,1548.955,N,N,
331,McLean KS,Kim & Sandhu,1548.199,N,N,
332,Lexington MS,Ma & Sawant,1548.159,N,N,
333,Archbishop Mitty ML,Lu & Mittal,1547.982,N,N,
334,McLean LC,Cai & Liu,1547.964,N,Y,
335,BASIS Independent McLean PR,Park & Rask,1547.419,N,N,
336,Hanover MB,Benedict & Marotti,1546.884,N,N,
337,Memori Liu & Wang,Liu & Wang,1546.798,N,Y,
338,Ransom Everglades TM,Mosse & Thurber,1546.029,N,N,
339,West Windsor Plainsboro South JG,Goel & Jindal,1545.778,N,N,
340,Livingston KZ,Ko & Zhang,1545.452,N,N,
341,American Heritage Palm Beach CR,Cohen & Rohit,1545.279,N,N,
342,Atlantic Independent Baddela & Chen,Baddela & Chen,1544.969,N,Y,
343,AK Scott & Hunt,Hunt & Scott,1544.271,N,N,
344,Centennial KP,Kolli & Pius,1544.268,N,N,
345,Westridge CM,Chow & Murray,1544.236,N,N,
346,NS Independent ZW,Petreanu & Wang,1544.117,N,N,
347,Archbishop Mitty YR,Raisinghani & Yang,1543.953,N,N,
348,Westlake DV,Dunn & Venkat,1543.9,N,N,
349,Taipei American AB,Agborsangaya & Aung,1543.604,N,N,
350,Fairmont Prep HT,Harrison & Teng,1543.142,N,N,
351,Westridge KP,Khoury & Pan,1543.045,N,N,
352,North Allegheny AK,Aluguvelli & Kallavi,1542.942,N,N,
353,Harker MY,Miduthuri & Yuan,1542.402,N,N,
354,Cary Acad AS,Almony & Soldevila,1541.774,N,N,
355,Dougherty Valley RV,Rawal & Vo,1541.53,N,N,
356,Campbell Hall Asa Hein-Martin & Ezra McCullers,Hein-Martin & McCullers,1541.025,N,N,
357,Brooklyn Technical UK,Kakumanu & Urban,1540.701,N,N,
358,Pacific Blue Prep ZB,Bie & Zhang,1540.176,N,N,
359,Cambridge WK,Kuo & Wang,1540.062,N,N,
360,Theodore Roosevelt BH,Baruri & Hollis,1539.475,N,N,
361,Strake Jesuit  SH,Hill & Segraves,1539.36,N,N,
362,College Prep RR,Rees & Roberts,1539.221,N,N,
363,Monte Vista HS Independent BH,Balakundhi & Hanif,1538.984,N,N,
364,Olympia MP,Meyers & Patel,1538.886,N,N,
365,Hamilton RB,Bhaskarpandit & Rahman,1538.659,N,N,
366,Lake Highland Prep AM,Armoghan & Muppala,1538.59,N,N,
367,Horace Mann VK,Krikorian & Venkateswaran,1538.493,N,N,
368,Bronx Science VS,Sweet & Vora,1538.471,N,N,
369,Apollo AB,Arikepudi & Baddela,1538.308,N,N,
370,Leland HG,Garg & Harsh,1538.09,N,N,
371,Newton South LL,Lanciloti & Lin,1537.743,N,N,
372,James Logan NS,Nair & Sandhu,1537.613,N,N,
373,Kinkaid CM,Cai & Mei,1537.459,N,N,
374,MSTW Independent MP,Marathe & Patel,1537.396,N,N,
375,Castro Valley HG,Garg & Hughes,1537.179,N,N,
376,American Heritage Palm Beach CD,Cohen & Dahabra,1537.041,N,N,
377,Hawken HK,Honda & Kislyansky,1536.994,N,Y,
378,Apollo PH,Hong & Paul,1536.836,N,N,
379,Madison West BB,Benish & Bernstein,1536.57,N,N,
380,Emerald OA,Agrawal & Odugu,1536.316,N,N,
381,James Madison SK,Kamath & Saraf,1536.253,N,N,
382,Plano West BM,Bhakkad & Mahmud,1536.118,N,N,
383,Acton-Boxborough SV,Senani & Vatsa,1535.775,N,N,
384,Nueva CC,Cedar & Cofino,1535.543,N,N,
385,Summit LD,Davies & Liang,1535.429,N,N,
386,Colony GS,Grant & Sterenberg,1535.341,N,N,
387,College Prep TS,Sabnani & Tarnas,1535.279,N,N,
388,Interlake YR,Rajesh & Yoon,1535.16,N,N,
389,Vel Phillips Memorial RL,Lankella & Riley,1535.109,N,N,
390,Ardrey Kell SV,Sureneni & Venkatachalam,1534.771,N,N,
391,Palo Verde ZV,Vittorio & Zhong,1534.402,N,N,
392,Ransom Everglades DT,Duarte & Torres,1533.679,N,N,
393,Ransom Everglades GC,Chinoy & Gold,1533.661,N,N,
394,Blue Ridge CS,Choi & Sun,1533.423,N,N,
395,Dreyfoos Arts MM,McDowell & Mo,1533.252,N,N,
396,Stuyvesant DB,Bovenzi & Michaelson,1532.715,N,Y,
397,Harker PY,Petrova & Yuan,1532.617,N,N,
398,Durham EK,Estigarribia & Knowles,1532.302,N,N,
399,Hawken RK,Kislyansky & Rotberg,1532.101,N,N,
400,Winston Churchill KW,Kella & Wang,1532.003,N,Y,
401,Horace Mann VS,Shah & Venkateswaran,1531.887,N,N,
402,Newton South SZ,Shraytah & Ziv,1531.854,N,N,
403,Southlake Carroll CV,Chelluri & Vishnukumar,1531.095,N,N,
404,Fairmont Prep MC,Cho & Milik,1530.991,N,N,
405,Trinity AS,Achuthan & Spitzer,1530.72,N,N,
406,Trinity Prep PP,Paul & Paul,1530.357,N,N,
407,Westborough MS,Mondal & Saxena,1530.232,N,N,
408,St Mary's Hall AB,Ashwath & Bhakta,1530.113,N,N,
409,Newton South SW,Subramanian & Wang,1529.978,N,Y,
410,Dougherty Valley SJ,Jamal & Santorsiero,1529.928,N,N,
411,James Logan KS,Kaur & Samim,1529.915,N,N,
412,American Heritage Broward FA,Agarwal & Fateev,1529.753,N,N,
413,Seven Lakes JW,Jackson & Wu,1529.644,N,N,
414,Leland IK,Iyer & Kumar,1529.607,N,N,
415,Nightingale Bamford BS,Berggrun & Spiridakis,1529.603,N,N,
416,VDA - Vancouver GuZh,Guo & Zheng,1529.47,N,N,
417,Princeton WH,Huang & Wu,1529.41,N,Y,
418,Olympian CR,Castellanos & Reisenfeld,1529.227,N,N,
419,Cranbrook Leon Yang & Martin Huang,Huang & Yang,1529.206,N,N,
420,Olympia CP,Cumberbatch & Parikh,1529.118,N,N,
421,Thomas Jefferson HSST CC,Chu & Cui,1529.095,N,N,
422,BASIS Phoenix SM,Mishra & Sudhakar,1528.979,N,Y,
423,Livingston GG,Ganesh & Govindsamy,1528.949,N,N,
424,Monte Vista LH,Hanif & Lake,1528.71,N,N,
425,Blue Ridge PS,Patel & Sun,1528.626,N,Y,
426,Lexington KR,Kasi & Roy,1528.53,N,N,
427,Archbishop Mitty SK,Kwok & Shim,1528.074,N,Y,
428,Cranbrook DY,Dong & Yang,1527.925,N,N,
429,Magnolia WS,Sirdeshmukh & Wang,1527.647,N,N,
430,Honor BP,Bang & Park,1527.232,N,N,
431,Bonita Vista HB,Flores & Hoffman,1527.199,N,N,
432,Roy Independent PR,Patel & Roy,1526.946,N,N,
433,Strake Jesuit  SS,Sadare & Saini,1526.603,N,N,
434,College Prep Owen Falk & Aari Sabnani,Falk & Sabnani,1526.379,N,Y,
435,Windemere Ranch ADACC BA,Ai & Barodawala,1526.077,N,N,
436,Mountain Brook RH,Hyde & Rocque,1526.076,N,N,
437,Iowa City West HE,El-Fadil & Hamzeh,1525.884,N,N,
438,Westlake DM,Dunn & Mujeeb,1525.841,N,N,
439,Emerald NW,Nutakki & Wankhede,1525.742,N,N,
440,Bridgewater Raritan FS,Fomin & Shetty,1525.577,N,N,
441,Milpitas MZ,Mathur & Zheng,1525.491,N,N,
442,Colorado MI,Iyengar & Miller,1525.458,N,N,
443,Delbarton CL,Caravello & Leidl,1525.433,N,N,
444,Richard Montgomery CY,Chung & Yu,1525.219,N,Y,
445,Newton North ZA,Aneja & Zheng,1525.208,N,N,
446,Iowa City West GA,Abudagga & Gupta,1524.935,N,N,
447,Regis AK,Anderson & Keller,1524.902,N,N,
448,Foothill Independent TL,Li & Tang,1524.849,Y,Y,
449,Thomas Jefferson HSST CT,Cui & Tian,1524.569,N,N,
450,Nueva YR,Rabin & Yang,1524.547,N,N,
451,Lincoln GS,Grewe & Shepsis,1524.25,N,N,
452,Lynbrook LP,Loonawat & Patel,1524.046,N,Y,
453,Horace Mann WY,Wang & Yao,1523.994,N,Y,
454,North Allegheny RG,Ghosh & Sai,1523.992,N,N,
455,Lincoln-Sudbury CA,Ayala & Chen,1523.939,N,Y,
456,Summit ZB,Borkar & Zarro,1523.772,N,N,
457,Cambridge TW,Tang & Wang,1523.626,N,Y,
458,Southlake Carroll GF,Farooqi & Golla,1523.622,N,N,
459,JR Masterman KK,Kelberg-Gross & Kelberg-Gross,1523.586,N,N,
460,Ridge HP,Hira & Pyloore,1523.545,N,N,
461,Leland MB,Bansal & Manral,1523.53,N,N,
462,Montville ZW,Wang & Zhang,1523.524,N,Y,
463,Sioux Falls Jefferson HM,Hockersmith & Mayen,1523.519,N,N,
464,Bellaire KK,Khadse & Korampally,1523.488,N,N,
465,Stuyvesant ZK,Kaushal & Zheng,1523.3,N,N,
466,Summit PA,Au-Yeung & Patel,1522.889,N,Y,
467,Sidwell CJ,Campbell & Jain,1522.86,N,N,
468,Titan Independe SM,Mo & She,1522.832,N,N,
469,CD Zhao & Hu,Hu & Zhao,1522.667,N,N,
470,Garnet Valley SR,Rux & Sridhar,1522.522,N,N,
471,Regis NP,Napoli & Prisament,1522.432,N,N,
472,Westwo Yang & Nagulapally,Nagulapally & Yang,1522.417,N,N,
473,Chattahoochee RC,Choi & Ra,1521.995,N,N,
474,East Ridge NV,Namgung & Vijayakumar,1521.641,N,N,
475,Westridge MW,Murray & Whitaker,1521.598,N,N,
476,Summit AZ,Arora & Zarro,1521.525,N,Y,
477,Westlake KV,Klem & Venkat,1521.43,N,N,
478,Strake Jesuit  NH,Hadi & Ngo,1521.173,N,Y,
479,Brother Rice KP,Kallabat & Pinto,1521.168,N,N,
480,Los Osos WF,Figueroa & Wang,1521.15,N,N,
481,Summit AZ,Arora & Zahtila,1520.994,N,Y,
482,Theodore Roosevelt LN,Larson & Narayanan,1520.872,N,N,
483,Maret DG,Das & Gordon,1520.728,N,N,
484,Golden State CK,Chen & Kim,1520.631,N,Y,
485,Bergen BB,Ballaney & Bordia,1520.556,N,N,
486,BASIS Peoria Independent MK,Kusurkar & Moon,1520.38,N,Y,
487,Edina DG,Daggett & Gazzuolo,1520.37,N,N,
488,Delbarton CD,Caravello & Dufner,1520.219,N,N,
489,Regis NP,Napoli & Pace,1520.066,N,N,
490,Archbishop Mitty NV,Nair & Venkatraman,1520.033,N,N,
491,Honor BS,Bidani & Sethi,1519.942,N,N,
492,Ridge PH,Hira & Potrevu,1519.896,N,N,
493,Canyon Crest PaSh,Pandhi & Shi,1519.801,N,N,
494,Puyallup KG,Gonzalez & King,1519.781,N,N,
495,Bergen RP,Park & Ren,1519.765,N,N,
496,Sacricho Independent MT,Meng & Tae,1519.677,N,N,
497,BASIS Peoria CN,Chakrabarty & Nair,1519.591,N,N,
498,American Heritage Broward SM,Matos & Sasson,1519.558,N,N,
499,Berkeley Lake ZG,Gao & Zhang,1519.506,N,Y,
500,Bridgewater Raritan MS,Marathe & Sankar,1519.443,N,N,
501,Montville NS,Natesan & Shamsudin,1519.398,N,N,
502,Syosset SL,Li & Sahu,1519.333,N,N,
503,Bergen SK,Kwon & Song,1519.293,N,N,
504,Bergen HW,Hoshovsky & Wu,1519.208,N,Y,
505,Bonita Vista FC,Clark & Finch,1519.146,N,N,
506,Strath Haven LZ,Li & Zhang,1519.129,N,Y,
507,Taipei American KZ,Kuo & Zhong,1519.085,N,N,
508,Los Altos SC,Chintamaneni & Singh,1519.082,N,N,
509,Unionville CM,Cai & Mohapatra,1518.841,N,N,
510,Canyon Crest Roha Rupareliya & Paaramita Asuri,Asuri & Rupareliya,1518.83,N,N,
511,Bellarmine  MB,Bozza & Musukula,1518.693,N,N,
512,Claremont BC,Barndt & Chae,1518.664,N,N,
513,Maret TR,Russo & Thakkar,1518.627,N,N,
514,Harker RG,Ganesh & Rajesh,1518.608,N,N,
515,Lambert MS,Mukker & Sun,1518.278,N,N,
516,Horace Mann EP,Ergin & Pande,1518.113,N,N,
517,Overla Chen & Zhu & Chopra,Chopra & Zhu,1517.861,N,N,
518,Highland NS,Niendorf & Swift,1517.719,N,N,
519,Bergen County Academies PC,Chung & Pak,1517.609,N,N,
520,Milton Independent PD,Dsilva & Parsi,1517.561,N,N,
521,Interlake WK,Kim & Wang,1517.497,N,Y,
522,Archbishop Mitty HD,Daniher & Huang,1517.361,N,N,
523,Lexington BB,Babcock & Biswas,1517.35,N,N,
524,Cherry Hill HS East RR,Ren & Ren,1517.312,N,N,
525,Browning SB,Brodlieb & Sadowski,1517.087,N,Y,
526,Regis LN,Liew & Napoli,1517.074,N,N,
527,Folsom Independent AM,Arasan & Malyala,1517.017,N,N,
528,Issaqu Yang & Menenberg,Menenberg & Yang,1516.936,N,N,
529,Cary Acad BZ,Bezuayehu & Zhao,1516.842,N,N,
530,Sioux Falls Jefferson WH,Hiruy & Wagemann,1516.784,N,N,
531,Nexus Independent DM,Dalzell & miller,1516.758,N,N,
532,Arcadia CL,Canada & Lord,1516.719,N,N,
533,Harker AL,Ahuja & Lin,1516.602,N,N,
534,Park City MD,Dildy & Minter,1516.499,N,N,
535,Central HP,Hanes & Pirok,1516.297,N,Y,
536,Ransom Everglades MJ,Jacir & Mena,1516.233,N,N,
537,Corner Canyon FM,Faucette & Messerian,1516.101,N,N,
538,Chattahoochee SK,Kang & Shin,1515.926,N,N,
539,Regis CM,Carlorosi & Moszuti,1515.792,N,N,
540,Puyallup LS,Lappin & Singh,1515.783,N,N,
541,Thomas Jefferson HSST WT,Tian & Wang,1515.777,N,N,
542,Byram Hills TB,Bobra & Tardieu,1515.691,N,Y,
543,McLean RL,Lowe & Rucker,1515.641,N,N,
544,Amador Valley Independent WJ,Jaladi & Wong,1515.551,N,N,
545,Townsend Harris MP,Miketa-Garcia & Pavone,1515.455,N,N,
546,Cambridge TM,Marsh & Tang,1515.403,N,N,
547,McLean RW,Rucker & Wilson,1515.129,N,N,
548,Saratoga CD,Chen & Duan,1515.032,N,N,
549,Denver East DF,Donson & Fessler,1514.832,N,N,
550,Strake Higgins & Keswani,Higgins & Keswani,1514.748,N,N,
551,Brentwood YM,Merrikh & Yount,1514.519,N,N,
552,Madison West BS,Benish & Sydnor,1514.371,N,N,
553,Westlake DN,Dunn & Nguyen,1514.34,N,N,
554,College Prep HJ,Hao & Jhaveri,1514.338,N,N,
555,AB Palagani & Vardhan,Palagani & Vardhan,1514.274,N,N,
556,Cary Acad CV,Canes & Vainateya,1514.176,N,N,
557,Montville PZ,Patel & Zhang,1514.149,N,Y,
558,West Windsor Plainsboro South NK,Katyal & Nurullayeva,1514.029,N,N,
559,Amador Valley Independent JG,Gummadidala & Jeon,1513.793,N,N,
560,New York State Independent BS,Brace & Sawhney,1513.716,N,N,
561,Neenah HB,Bushman & Hodges,1513.689,N,N,
562,Ridge GO,Ginsberg & Ostapczuk,1513.643,N,N,
563,Able2Shine YL,Liu & Ye,1513.622,N,Y,
564,Seven Lakes TO,Otieno & Tran,1513.615,N,N,
565,Jasper MY,Mower & Yang,1513.599,N,N,
566,American Heritage Palm Beach DS,Dahabra & Shleifer,1513.523,N,N,
567,Brentwood CM,Chou & Marassa,1513.475,N,N,
568,Strake Davis & Srinivas,Davis & Srinivas,1513.344,N,N,
569,Delbarton AS,Amin & Sardar,1513.325,N,N,
570,Langley LN,Logan & Nedungottil,1513.175,N,N,
571,CB Broholm & Allen,Allen & Broholm,1513.021,N,N,
572,George Washington CB,Burness & Chenard,1512.978,N,N,
573,Albuquerque MD,Devarakonda & Marquez,1512.972,N,N,
574,Bergen DV,Dave & Vignes,1512.948,N,Y,
575,Monte Vista KP,Kapoor & Pant,1512.945,N,N,
576,Olympia CT,Coumar & Thibault,1512.817,N,N,
577,Pembroke Pines Charter AR,Ayala & Ralfelt,1512.774,N,N,
578,Byram Hills CC,Cai & Coady,1512.764,N,N,
579,BASIS Peoria AL,Aggarwal & La,1512.711,N,N,
580,Millburn HD,Dholakia & Huang,1512.557,N,N,
581,Bergen RP,Parmar & Ren,1512.496,N,N,
582,Leland LX,Liu & Xu,1512.417,N,Y,
583,Lexington ZM,Ma & Zhao,1512.372,N,Y,
584,Strake Jesuit  Harpavat & Kirichenko,Harpavat & Kirichenko,1512.365,N,Y,
585,Delbarton CH,Caravello & Hosler,1512.349,N,N,
586,St Ignatius  DR,Duffy & Ragone,1512.34,N,N,
587,Chapin RK,Khaliq & Reddy,1512.286,N,N,
588,Castilleja NC,Chen & Nguyen,1512.247,N,Y,
589,Bellev Kothari & Scorsatto Botelho,Botelho & Kothari,1512.21,N,N,
590,MSTW Independent GK,Gumedelli & Khanna,1512.188,N,N,
591,Mountain View ZM,Matot & Zhang,1512.084,N,N,
592,Ransom Everglades TM,Marcus & Torres,1512.015,N,N,
593,Phillipsburg MJ,Johnson & Miller,1511.958,N,N,
594,Bronx Science PL,Lin & Pathak,1511.797,N,N,
595,SF Lincoln VS,Spaans & Vostad,1511.744,N,N,
596,Fairmont Prep TG,Ghaeli & To,1511.73,N,N,
597,Mira Loma AS,Jagadish & Singhai,1511.709,N,N,
598,St John's SH,Hu & Shaitelman,1511.65,N,N,
599,Richland BR,Bhavanam & Ravula,1511.627,N,N,
600,AA SR,Rico & Somers,1511.588,N,N,
601,Bronx Science NQ,Nu & Qin,1511.573,N,N,
602,Bergen HD,Dondapati & Hoshovsky,1511.564,N,N,
603,St.Albans Cathedral HP,Hart & Pistilli,1511.523,N,N,
604,Livingston SW,Shah & Wang,1511.503,N,Y,
605,MouSi Davis & Gapesina,Davis & Gapesina,1511.389,N,N,
606,Phillipsburg DK,DiMarcello & Khan,1511.385,N,N,
607,Archbishop Mitty MC,Chakravarthy & Mishra,1511.26,N,N,
608,Livingston SV,Shah & Volkov,1511.18,N,N,
609,SF Lincoln WW,Weeks & Wiessner,1511.153,N,N,
610,American RM,Mishra & Raghav,1510.937,N,N,
611,Horace Mann VP,Pande & Venkateswaran,1510.894,N,N,
612,New York State Independent CT,Chan & Tae,1510.666,N,N,
613,Oxford JS,Jang & Schornhorst,1510.625,N,N,
614,Overla Bhandari & Malakapalli,Bhandari & Malakapalli,1510.453,N,N,
615,NAVI NS,Nam & Shen,1510.427,N,N,
616,Dougherty Valley VP,Pal & Vo,1510.413,N,N,
617,Oxbridge VD,Di & Vining,1510.362,N,N,
618,Lake Highland Prep AM,Ali & Muppala,1510.349,N,N,
619,Clovis North AG,Almasri & Gurani,1510.333,N,N,
620,NAVI KaHa,Han & Kabatas,1510.321,N,N,
621,Horace Mann KE,Ergin & Krikorian,1510.274,N,N,
622,Fairmont Prep BK,Bhalla & Kan,1510.189,N,N,
623,Livingston SZ,Shah & Zhang,1510.18,N,Y,
624,Vel Phillips Memorial LD,Dasgupta & Lankella,1510.133,N,N,
625,CR North MS,Mattoo & Sarangi,1510.126,N,N,
626,Acton-Boxborough MJ,Ji & Misro,1510.125,N,N,
627,Kent Denver ST,Samuels & Tandon,1510.122,N,N,
628,Bob Jones FE,Edwards & Francis,1510.065,N,N,
629,Denver East RK,Kang & Rasmussen,1510.056,N,N,
630,Manhattan IB,Brace & Iyer,1510.007,N,N,
631,Strake Jesuit  WC,Carlile & Wu,1509.864,N,N,
632,Bergen CS,Chen & Shim,1509.857,N,Y,
633,Hunter JK,Jetley & Khuu,1509.773,N,Y,
634,Emerald SD,Dondapati & Singh,1509.748,N,N,
635,Vanguard Independent KK,Kandula & Khandelwal,1509.723,N,N,
636,Palm Harbor AZ,Alandary & Zhu,1509.712,N,N,
637,Princeton TH,Huang & Tauro,1509.678,N,N,
638,BASIS Scottsdale RP,Panwar & Rajkumar,1509.647,N,N,
639,Lakeville South KB,Berntson & Komlan,1509.631,N,N,
640,Milpitas PN,Nguyen & Partha,1509.613,N,Y,
641,Gunn HK,Hayes & Kabe,1509.492,N,N,
642,Nueva HY,Hui & Yi,1509.463,N,N,
643,Bergen County Academies GM,Goel & Mohamed,1509.4,N,N,
644,Stratford Prep BZ,Baheti & Zeng,1509.376,N,N,
645,Marist MM,Mastella & Mastella,1509.359,N,N,
646,Bronx Science CT,Croft & Tan,1509.281,N,Y,
647,Keystone PL,Liu & Pinnenti,1509.222,N,N,
648,NS Independent MJ,Jeong & Mohan,1509.182,N,N,
649,Westview GI,Gupta & Indlamuri,1509.159,N,N,
650,Cosby LP,Luu & Perez,1509.147,N,N,
651,Oxford WJ,Jang & Wilson,1509.124,N,N,
652,Bergen RS,Rao & Singh,1508.984,N,Y,
653,Arlington JR,Joo-Soto & Ryu,1508.968,N,N,
654,Skylin AZ,Averin & Zou,1508.89,N,N,
655,Brother Rice BJ,Barbat & Juncaj,1508.726,N,N,
656,Mt.Carmel NP,McElroy & Nandola,1508.717,N,N,
657,Ridge ML,Li & Mitra,1508.578,N,N,
658,Taipei American KC,Chen & King,1508.571,N,N,
659,Lakeville North SM,Menon & Sreekumar,1508.507,N,N,
660,Horace Mann EW,Ergin & Wang,1508.467,N,N,
661,Central HS Springfield KH,Hudson & Kleiboeker,1508.373,N,N,
662,Arizona  VT,Thomas & Vallamshetla,1508.336,N,N,
663,Ridge SO,Ostapczuk & Sateeja,1508.29,N,N,
664,Columbus CL,Choo & Lee,1508.275,N,N,
665,Natick BK,Benoit & Karanjit,1508.27,N,N,
666,St Michael's LC,Carmona & Lomba,1508.234,N,N,
667,Montville GS,Gokaraju & Shamdasani,1508.137,N,Y,
668,MouSi Deb & Mirzoyan,Deb & Mirzoyan,1508.028,N,N,
669,Stuyvesant ZG,Gelman & Zheng,1508.027,N,N,
670,Harrisburg HC,Cauwels & Hofer,1507.956,N,N,
671,EasPre Joshi & Bansal,Bansal & Joshi,1507.922,N,N,
672,West Windsor Plainsboro South KW,Katyal & Wang,1507.874,N,N,
673,Charlotte Latin BG,Berman & Gaddam,1507.806,N,N,
674,AB Ghosh & Annavajhula,Annavajhula & Ghosh,1507.782,N,N,
675,Strath Haven KL,Keefe & Logue,1507.759,N,N,
676,Eagan AS,Arndt & Simon,1507.738,N,N,
677,George Washington YS,Sawyer & Yaakobi,1507.643,N,N,
678,Corner Canyon EB,Babcock & Eckersley,1507.591,N,N,
679,Lynbrook SS,Saharoy & Shrivastava,1507.581,N,Y,
680,Trinity HL,Hebard & Li,1507.426,N,N,
681,Park City HK,Hadar & Kuck,1507.421,N,N,
682,Potomac AB,Ai & Bhatt,1507.371,N,Y,
683,Newsome WM,Mane & Weitzman,1507.251,N,N,
684,American Heritage Broward SA,Alvarez & Shin,1507.219,N,N,
685,Livingston ZV,Volkov & Zhang,1507.211,N,N,
686,BASIS Scottsdale BP,Batra & Panwar,1507.184,N,N,
687,Durham ES,Estigarribia & Spitzer,1507.168,N,N,
688,Durham Neil Swaminathan & Beck Rudolph,Rudolph & Swaminathan,1507.099,N,N,
689,American Heritage Broward WV,Vasilyev & Wu,1507.09,N,N,
690,Syosset KP,Kleyner & Puri,1506.984,N,N,
691,VDA - Vancouver LZ,Le & Zang,1506.955,N,N,
692,Palo Alto SS,Senderzon & Sridhar,1506.884,N,N,
693,Westwo Vemula & Hu,Hu & Vemula,1506.876,N,N,
694,Eastview MC,Cook & Morales,1506.874,N,N,
695,Ridge SP,Potrevu & Sharma,1506.694,N,N,
696,Phoenix Independent AS,Ahilan & Shyamal,1506.494,N,N,
697,Carrollton QB,Brodsky & Quinonez,1506.484,N,N,
698,Fort Collins YR,Rivera & Yalin,1506.444,N,N,
699,Taipei American IR,Isogai & Raft,1506.406,N,N,
700,Theodore Roosevelt NK,Koganti & Narayanan,1506.33,N,N,
701,Granite Bay ZK,Kung & Zeng,1506.279,N,N,
702,Speech and Debate India KG,Goyal & Khanna,1506.226,N,N,
703,Overlake BS,Bhandari & Shen,1506.21,N,N,
704,College Prep DJ,Dhillon & Jhaveri,1506.143,N,N,
705,Johnston QD,Dhanekula & Qi,1506.118,N,N,
706,VDA - Vancouver ZL,Le & Zhang,1505.958,N,Y,
707,Northeast KZ,Karim & Zhang,1505.918,N,N,
708,JR Masterman DG,Dhiamandi & Gada,1505.899,N,N,
709,Westborough CS,Chinthapatla & Sharma,1505.892,N,N,
710,Acton-Boxborough MP,Marimuthu & Pandey,1505.88,N,N,
711,Potomac MJ,Johnsen & Mihai,1505.86,N,N,
712,Horace Mann ChPa,Chang & Pande,1505.716,N,Y,
713,Oxford MR,Milinovich & Ray,1505.675,N,N,
714,Hawken PD,Das & Pinto,1505.664,N,N,
715,American Heritage Palm Beach IS,Isaac & Shuter,1505.655,N,N,
716,Bronx Science AC,Alpert & Cohen,1505.625,N,N,
717,American PR,Pakala & Raman,1505.561,N,N,
718,James Bowie OV,Ozgun & Verghese,1505.559,N,N,
719,North Atlanta YH,Hashim & Yoo,1505.511,N,N,
720,Oxford PP,Parsons & Patel,1505.455,N,N,
721,Cary Acad PC,Canes & Pant,1505.438,N,N,
722,Midtown MB,Brawner & Mackler,1505.429,N,N,
723,Bronx Science BC,Bhalla & Chang,1505.406,N,N,
724,Canyon Crest GS,Goel & Shi,1505.378,N,N,
725,Unionville CH,Chopra & Huang,1505.339,N,N,
726,Bergen HS,Hoshovsky & Singh,1505.323,N,Y,
727,Bronx Science AM,Appelbaum & Moy,1505.259,N,N,
728,Cranbr AW,Awad & Wang,1505.244,N,N,
729,McLean LK,Kang & Lowe,1505.214,N,N,
730,Flintridge Prep ZL,Lavichant & Zhang,1505.121,N,N,
731,Marvin Ridge MK,Kanderi & Muslimani,1505.047,N,N,
732,Bergen SP,Pinchuk & Shim,1504.749,N,N,
733,Los Altos CC,Chan & Chung,1504.749,N,Y,
734,Bonita Vista SO,Oani & Scott,1504.747,N,N,
735,Fairmont Prep JC,Coulon & Jha,1504.744,N,N,
736,Texas State Independent RP,Puvvada & Rao,1504.721,N,N,
737,Plano West AV,Ayuluri & Vemireddy,1504.634,N,N,
738,AB Raajiv Sai & Dassanaike-Perera,Dassanaike-Perera & Sai,1504.583,N,N,
739,Miami Palmetto Senior SS,Sharan & Shaw,1504.576,N,N,
740,Leland YD,Dung & Yin,1504.55,N,N,
741,Hunter AS,Arora & Shah,1504.498,N,Y,
742,Horace Mann SS,Subramanian & Sun,1504.495,N,Y,
743,NC School Of Science and Math - Durham SV,Shan & Vallabhajosyula,1504.348,N,N,
744,Lexington SP,Pokharna & Shah,1504.306,N,Y,
745,McLean DH,Deng & Hu,1504.302,N,N,
746,Harrisburg WA,Arain & Wells,1504.281,N,N,
747,Frazer KK,Kim & Kumar,1504.258,N,N,
748,Stockdale CJ,Corona & Jiang,1504.256,N,N,
749,BC Academy MY,Ma & Yao,1504.255,N,Y,
750,Issaqu Iqbal & Ramireddy,Iqbal & Ramireddy,1504.242,N,N,
751,EasPre Chang & Vidolova,Chang & Vidolova,1504.237,N,N,
752,Briar Woods MM,McCall & McClellan,1504.231,N,N,
753,Robinson MW,Mulay & Walker,1504.223,N,N,
754,Westwo Annamreddy & Vemula,Annamreddy & Vemula,1504.194,N,N,
755,Windemere Ranch ADACC BB,Barani & Barodawala,1504.186,N,N,
756,George Washington SS,Stewart & Stout,1504.166,N,N,
757,Pingry BH,Bordia & Hao,1504.137,N,N,
758,Solon AB,Andrews & Buldum,1504.133,N,N,
759,Granite Bay ZP,Peters & Zanzi,1504.04,N,N,
760,Cranbrook ZJ,Johnson & Zhang,1504.032,N,N,
761,College Prep FH,Falk & Hao,1503.983,N,Y,
762,DF CeWa,Celiktas & Wang,1503.976,N,N,
763,Round Rock YP,Parekh & Yadav,1503.971,N,N,
764,BC Academy JP,Jung & Park,1503.954,N,Y,
765,Flintridge Prep ZL,Lavichant & Zhao,1503.935,N,N,
766,Horace Mann SP,Pinchuk & Subramanian,1503.887,N,N,
767,Grinnell SC,Crites & Stevenson,1503.884,N,N,
768,Bergen HH,Hoshovsky & Hoshovsky,1503.881,N,Y,
769,Ivy Bridge TC,Thumsi & chipulla,1503.865,N,N,
770,VDA - Vancouver ZG,Guo & Zhou,1503.864,N,N,
771,Browning KM,Kang & Malhotra,1503.845,N,N,
772,McLean LG,Glass & Li,1503.813,N,N,
773,Cranbrook QZ,Qian & Zhang,1503.81,N,N,
774,Stuyvesant KK,Kaushal & Kong,1503.77,N,N,
775,Horace Mann YS,Subramanian & Yao,1503.761,N,Y,
776,Midtown PS,Parssinen & Smearman,1503.751,N,N,
777,Harbinger ZN,Niu & Zhang,1503.751,N,N,
778,Livingston LG,Ganesh & Li,1503.742,N,N,
779,Valley Hills BC,Baddela & Chaisanguanthum,1503.698,N,N,
780,Jackson-Reed JS,Jacobson & Segal,1503.695,N,N,
781,Miramonte DL,Deng & Loughran,1503.694,N,N,
782,Molloy CX,Contreras & Xiao,1503.683,N,N,
783,St.Albans Cathedral HG,Galper & III,1503.674,N,N,
784,Alliance CV,Chintalapudi & Varikallu,1503.665,N,N,
785,Horace Mann SP,Porres & Scheinfeld,1503.652,N,N,
786,Fairview SZ,Teplin & Zhou,1503.624,N,N,
787,Potomac BP,Bose & Peddibhotla,1503.612,N,N,
788,Lake Mary AB,Ahmar & Bilakanti,1503.598,N,N,
789,Harker GH,Goel & Hu,1503.589,N,N,
790,VDA - Vancouver LT,Lu & Tu,1503.586,N,Y,
791,Horace Mann PS,Pande & Scheinfeld,1503.569,N,N,
792,Nexus KK,Kapasi & Kapoor,1503.565,N,N,
793,Chattahoochee RK,Kang & Ra,1503.507,N,N,
794,Ridge SN,Narang & Sharma,1503.483,N,N,
795,Strake Jesuit  SH,Hill & Somers,1503.455,N,N,
796,Argument Institute MG,Gundimeda & Meng,1503.44,N,N,
797,CR North AX,Acereda & Xiao,1503.438,N,N,
798,College Prep AB,Acharya & Boscardin,1503.391,N,N,
799,Scarsdale SD,Ding & Secmen,1503.341,N,N,
800,West Windsor Plainsboro South WN,Nurullayeva & Wang,1503.319,N,N,
801,Miramonte AT,Agarwal & Thaler,1503.198,N,N,
802,Acton-Boxborough GL,Gollapudi & Liu,1503.194,N,Y,
803,Bellarmine  VA,Arutla & Vijendran,1503.182,N,N,
804,West Windsor Plainsboro South GW,Gupta & Waikul,1503.142,N,N,
805,Denver East ZB,Bograd & Zabarsky,1503.117,N,N,
806,Potomac HW,Haque & Wolff,1503.116,N,N,
807,Horace Mann ES,Ergin & Subramanian,1503.026,N,N,
808,Seven Lakes EO,Eswar & Otieno,1503.005,N,N,
809,Bridgewater Raritan GS,Gvozdenovic & Shah,1502.996,N,N,
810,NS Independent RL,Levy & Rafat,1502.969,N,N,
811,Bellevue KK,Khan & Koh,1502.921,N,N,
812,Seattl Shirodkar & Gowda,Gowda & Shirodkar,1502.895,N,N,
813,Windward KN,Kung & Nelson,1502.88,N,N,
814,Bishop Moore Catholic BN,Brewer & Nadeau,1502.875,N,N,
815,Homewood-Flossmoor SB,Benitez & Scott,1502.869,N,N,
816,Dougherty Valley KG,Gireesha & Kiran,1502.815,N,N,
817,Strath Haven LZ,Logue & Zhang,1502.796,N,N,
818,Avenues: The World YY,Yi & Yi,1502.791,N,Y,
819,Sharon PR,Pabba & Rajaguru,1502.777,N,N,
820,Ardrey Kell SS,Saha & Sureneni,1502.775,N,N,
821,NAVI KC,Chang & Kabatas,1502.754,N,N,
822,Interl Charles & Sahai,Charles & Sahai,1502.733,N,N,
823,Granite Bay KS,Konidena & Sharma,1502.72,N,N,
824,Bronx Science BK,Birman & Koo,1502.709,N,N,
825,Briar Woods BZ,Borkar & Zhang,1502.611,N,N,
826,Westridge WC,Chow & Wieland,1502.58,N,N,
827,Harbinger SZ,Sun & Zhang,1502.556,N,Y,
828,Grace Church CT,Chin & Tanjga,1502.507,N,N,
829,Southlake Carroll MN,Mugilan & Nepal,1502.483,N,N,
830,Issaqu Monahan & Macario,Macario & Monahan,1502.454,N,N,
831,Valley Oak PU,Paradkar & Uppalapati,1502.45,N,Y,
832,EasPre Thakkar & Chen,Chen & Thakkar,1502.448,N,N,
833,Newpor Gu & Kamra,Gu & Kamra,1502.439,N,N,
834,Delta WB,Brennan & Whitaker,1502.426,N,N,
835,Ardrey Kell SA,Amraotkar & Srivastava,1502.396,N,N,
836,Urban Academy Laboratory IV,Ian Vera Soto,1502.375,N,N,
837,American Heritage Broward PS,Pineda & Shin,1502.356,N,N,
838,Lambert PB,Baddela & Paul,1502.345,N,N,
839,BASIS Peoria KM,Korpe & Moon,1502.344,N,N,
840,CB Koneru & Chan,Chan & Koneru,1502.314,N,N,
841,Cary Acad CD,Curtis & Daniel,1502.275,N,N,
842,Portsmouth BM,Blakey & Mehra,1502.213,N,N,
843,Apex Friendship RP,Parker & Rigsby,1502.184,N,N,
844,Lambert AS,Agarwal & Sood,1502.137,N,Y,
845,Strake Jesuit  SW,Segraves & Wang,1502.062,N,N,
846,Germantown Friends CD,Chen & Ding,1502.02,N,Y,
847,Walton NL,Leger & Naor,1502.016,N,Y,
848,Newton South GC,Celiktas & Gao,1502.006,N,N,
849,Northwood RK,Kim & Raina,1501.997,N,N,
850,Harker AH,Ahuja & Hu,1501.961,N,N,
851,Southlake Carroll IS,Ingu & Shah,1501.958,N,N,
852,Lambert BS,Baddela & Sood,1501.953,N,Y,
853,Dreyfoos Arts MF,Fiala & Mo,1501.937,N,N,
854,Interl Tsim & Dournova,Dournova & Tsim,1501.937,N,N,
855,Bellev Agarwal & Feng,Agarwal & Feng,1501.916,N,N,
856,Southlake Carroll GC,Chitra & Gupta,1501.915,N,N,
857,Emerald KN,Krishnakumar & Nookala,1501.91,N,N,
858,Overla Shen & Zhang,Shen & Zhang,1501.894,N,N,
859,Palm Harbor SK,Keleny & Sherrell,1501.894,N,N,
860,Potomac PA,Ajai & Patmidi,1501.878,N,N,
861,Puyall Mercado & Gadberry,Gadberry & Mercado,1501.875,N,N,
862,Newpor Lin & Klein,Klein & Lin,1501.874,N,N,
863,Bellev Sidhu & Chopra,Chopra & Sidhu,1501.873,N,N,
864,Marist MF,Findley & Mastella,1501.863,N,N,
865,Overla Chummun & Zhang,Chummun & Zhang,1501.855,N,N,
866,EasPre Karvir & Olson,Karvir & Olson,1501.855,N,N,
867,Newpor Bi & Xu,Bi & Xu,1501.847,N,Y,
868,EasPre Iskender & Xu,Iskender & Xu,1501.835,N,N,
869,Conroe Martinez & Mason,Martinez & Mason,1501.832,N,N,
870,Fairmont Prep WK,Kan & Wang,1501.829,N,N,
871,St Michael's CR,Collado & Rivera,1501.827,N,N,
872,Ballantyne Ridge RS,Ramesh & Shyam,1501.823,N,N,
873,Issaqu Sharma & Thawrani,Sharma & Thawrani,1501.815,N,N,
874,Wylie AB,Adil & Bhat,1501.809,N,N,
875,MouSi Kunnath & Hamon,Hamon & Kunnath,1501.795,N,N,
876,Monte Vista CP,Charlton & Pant,1501.772,N,N,
877,Success Academy HSLA-MANHATTAN OL,Lennard & omer,1501.769,N,N,
878,Plano West WL,Lee & Wong,1501.768,N,N,
879,Northwood LC,Chalasani & Liu,1501.735,N,N,
880,Brooks Debate Institute CP,Chokshi & Parikh,1501.725,N,N,
881,Bridgewater Raritan GG,Gaur & Gumedelli,1501.725,N,N,
882,Vanguard Independent PS,Pandey & Sapkal,1501.723,N,N,
883,USN CS,Cook & Sinha,1501.618,N,N,
884,Newton South ZG,Gao & Ziv,1501.543,N,N,
885,Harbinger TW,Tan & Wang,1501.529,N,Y,
886,Bonita Vista BB,Bazan & Boyd,1501.526,N,N,
887,University HS Charter AA,Adjoyi & Arega,1501.455,N,N,
888,Eagan BN,Bonthala & Nandyala,1501.43,N,N,
889,Awty Internatio XA,Ajani & Xu,1501.399,N,N,
890,Bishop Moore Catholic NL,Len & Nowak,1501.388,N,N,
891,Apollo Independent HB,Baddela & Hong,1501.345,N,N,
892,Cambridge DJ,D'Souza & Jafari,1501.326,N,N,
893,AH Jhamb & Nagrath,Jhamb & Nagrath,1501.316,N,N,
894,Nueva SG,Ge & Shah,1501.284,N,N,
895,Cary Acad WC,Chuang & Wang,1501.269,N,N,
896,Windward LC,Crain & Litt,1501.241,N,N,
897,Bergen County A CW,Chung & Watanabe,1501.236,N,N,
898,Skyline JL,Jain & Liu,1501.223,N,N,
899,Homewood-Flossmoor MD,Dickey & McEowen,1501.214,N,N,
900,Milpitas PM,Mathur & Partha,1501.184,N,N,
901,Hawken JM,Jaffar & Mohammadi,1501.182,N,N,
902,Leland ZC,Choi & Zhu,1501.14,N,N,
903,Fremont WP,Poogalia & Waingankar,1501.127,N,N,
904,College Prep AS,Alhamadsheh & Sherer,1501.124,N,N,
905,Potomac PN,Newbill & Puvvada,1501.12,N,N,
906,Lexington KP,Kasi & Patel,1501.105,N,N,
907,Rock Hill SK,Kanchustambham & Shanker,1501.087,N,N,
908,Fairmont Prep AS,Ahmed & Sasspal,1501.076,N,N,
909,Titan Independent GS,Gokulkumar & Sureneni,1501.067,N,N,
910,GD NY,Najafian & Yi,1501.066,N,N,
911,Mira Mesa SL,Lorber & Stricker,1501.043,N,N,
912,Rock Hill MK,Kopparam & Mididoddi,1501.026,N,N,
913,Lake Highland Prep YA,Armoghan & Yan,1501.018,N,N,
914,Plano East LT,Litmanen & To,1500.997,N,N,
915,Stoneman Douglas DK,Dinnis & Kathuria,1500.995,N,N,
916,Syosset FG,Farooq & Gill,1500.992,N,N,
917,Scarsdale ZC,Chen & Zhu,1500.985,Y,N,
918,JR Masterman BP,Bastien & Plastaras,1500.943,N,N,
919,Belvidere North GR,Gilbertson & Richardson,1500.912,N,N,
920,Charlotte Latin AZ,Ashri & Zhang,1500.903,N,N,
921,American JD,Dua & Jindal,1500.897,N,N,
922,Saratoga CJ,Chen & Julka,1500.865,N,N,
923,Plano West RL,Luo & Ronanki,1500.863,N,N,
924,Gulf Breeze MS,Sales & masone,1500.845,N,N,
925,ModernBrain KL,Kim & Lu,1500.819,N,Y,
926,University PD,Duncan & Park,1500.818,N,N,
927,WesHS TA,Agarwal & Tao,1500.763,N,N,
928,Olympian AH,Alvarez & Hastings,1500.761,N,N,
929,Canyon Crest JG,Goel & Jin,1500.733,N,N,
930,Strake Gadin & Srinivas,Gadin & Srinivas,1500.717,N,N,
931,Pinecrest JP,Jawanda & Price,1500.642,N,N,
932,Myers Park HL,Hobbs & Lore,1500.625,N,N,
933,Lake Highland Prep TS,Sant & Tella,1500.619,N,N,
934,Stuyvesant SZ,Silakov & Zheng,1500.591,N,N,
935,Hopkinton KA,Amigud & Kumar,1500.58,N,N,
936,Lexington HM,Hosamani & Marri,1500.564,N,N,
937,CB Anwar & Samuels,Anwar & Samuels,1500.548,N,Y,
938,Strake Jesuit  MH,Higgins & Moore,1500.527,N,N,
939,Natick IK,Ibraev & Karanjit,1500.522,N,N,
940,Millard South HH,Ho & Ho,1500.503,N,N,
941,Gulliver Prep IT,Ishoof & Taylor,1500.492,N,N,
942,Northeast Atlantic Independent GZ,Gao & Petreanu,1500.491,N,N,
943,Bergen RC,Chen & Ren,1500.478,N,N,
944,Ardrey Kell SD,Dhote & Srivastava,1500.469,N,N,
945,Discourse Power PM,Madaan & Peter,1500.461,N,N,
946,Elkhorn South EK,Eggen & Kuhl,1500.448,N,N,
947,Bronx Science MR,Malyukova & Rempe-Hiam,1500.446,N,N,
948,Carlsbad DS,Dougherty & Stein,1500.444,N,N,
949,Cabot PS,Patten & Stanisor,1500.436,N,N,
950,Milton School Independent DC,Chaisanguanthum & Dsilva,1500.431,N,N,
951,Flower Mound Iyer & Dasari,Dasari & Iyer,1500.423,N,N,
952,Centennial LC,Chamarthi & Lagudu,1500.42,N,N,
953,Bellai Gu & Zhao,Gu & Zhao,1500.418,N,N,
954,Millard North SQ,Qi & Shaik,1500.405,N,N,
955,Valley Christian SN,Narayanan & Shankar,1500.385,N,N,
956,Bergen RG,Guan & RajSharma,1500.385,N,N,
957,Dougherty Valley VK,Kiran & Vo,1500.363,N,N,
958,SA Midtown West RO,Omer & Rabinovich,1500.34,N,N,
959,Fairmont Prep PN,Ngo & Patel,1500.337,N,Y,
960,Lake Travis BF,Bode & Farmand,1500.326,N,N,
961,Pingry LH,Hao & Liu,1500.309,N,Y,
962,Benjamin SS,Scaperotto & Sluiters,1500.289,N,N,
963,McLean WL,Lowe & Wilson,1500.284,N,N,
964,Harbinger LS,Li & Shi,1500.269,N,N,
965,Taipei American LL,Lee & Lin,1500.254,N,Y,
966,Leland GP,Gupta & Patel,1500.249,N,Y,
967,Potomac CL,Chen & Liu,1500.242,N,Y,
968,Eastview KT,Kebede & Tranter,1500.242,N,N,
969,Jordan Jahingir & Chawla,Chawla & Jahingir,1500.231,N,N,
970,AY Wachsman & Faisal,Faisal & Wachsman,1500.221,N,N,
971,Southlake Carroll NC,Chanana & Nambakkam,1500.181,N,N,
972,Garnet Valley HH,Huang & Huang,1500.181,N,Y,
973,AM Singh & Alfredson Themudo,Singh & Themudo,1500.171,N,N,
974,Horace Mann GS,Gupta & Scheinfeld,1500.169,N,N,
975,Potomac AR,Ajai & Ram,1500.165,N,N,
976,Northeast Atlantic Independent MW,Mohan & Wu,1500.165,N,N,
977,BC Academy CM,Chung & Miao,1500.161,N,Y,
978,Lexington BeSa,Bende & Sawant,1500.157,N,N,
979,Arlington BA,Atherton & Burke,1500.147,N,N,
980,Conroe MB,Bodunde & Melvin,1500.139,N,N,
981,Hewitt DR,Lavandeyra & Rubin,1500.125,N,N,
982,Potomac YG,Gupta & Yoon,1500.121,N,N,
983,Homewood-Flossmoor CG,Cherry & Gaskin,1500.119,N,N,
984,Speech and Debate India MS,Machhar & Sharma,1500.105,N,N,
985,Collierville EY,Ezenwa & Yuan,1500.104,N,N,
986,Pacific Independent SS,Salver & Srivallaba,1500.091,N,N,
987,Alpha Sans Independent LP,Lawrence & Pradeep,1500.082,N,N,
988,Golden State AA,Agarwal & An,1500.078,N,N,
989,Midtown LP,Lignugaris & Parssinen,1500.076,N,N,
990,Nova Institute CS,Cai & Sun,1500.057,N,Y,
991,NS Independent BR,Ben-Levi & Rafat,1500.048,N,N,
992,Garland MR,Moreno & Rodgers,1500.039,N,N,
993,EA HR,Hegde & Rao,1500.038,N,N,
994,Harbinger FL,Feng & Lu,1500.016,N,N,
995,Potomac SM,Ma & Sahai,1500.011,N,N,
996,Chattahoochee RK,Kang & reiss,1500.004,N,N,
997,Princeton Independent SW,Srivastava & Wang,1500.003,N,N,
998,Potomac KK,Kamireddy & Kumaran,1500.001,N,N,
999,Taipei American YL,Lu & Yang,1500.0,N,N,
1000,Surabaya Intercultural YK,Kim & Yoon,1500.0,N,N,
1001,Surabaya Intercultural PP,Pandji & Pandji,1500.0,N,N,
1002,Saigon South International TP,Pham & Thai,1500.0,N,N,
1003,Saigon South International SH,Hong & Sorobey,1500.0,N,N,
1004,Saigon South International LK,Khansili & Loh,1500.0,N,N,
1005,Pacific American LY,Lin & Yu,1500.0,N,Y,
1006,Pacific American KL,Kang & Lin,1500.0,N,Y,
1007,Lawrence S. Ting VP,Pham & Vu,1500.0,N,N,
1008,Ascent WW,Wang & Wei,1500.0,N,Y,
1009,Ascent SC,Chan & Shen,1500.0,N,N,
1010,Ascent CL,Chuang & Lung,1500.0,N,N,
1011,ADL CL,Chang & Lin,1500.0,N,Y,
1012,Syosset HL,Huang & Li,1499.988,N,Y,
1013,Ivy Bridge CC,Chhabra & Choi,1499.988,N,N,
1014,Bonita Vista VC,Clark & Vargas,1499.981,N,N,
1015,Oxford MW,McGinness & Woo,1499.975,N,N,
1016,University Prep Seattle KS,Kiciman & Sinha,1499.967,N,N,
1017,Chattahoochee HR,Hegde & Reiss,1499.966,N,N,
1018,San Francisco LP,Lee & Park,1499.964,N,Y,
1019,Potomac SV,Sharifov & Venkatesh,1499.95,N,N,
1020,Leland PK,Kim & Park,1499.948,N,Y,
1021,Acton-Boxborough VE,Ebbin & Vatsa,1499.946,N,N,
1022,Northeast Atlantic Independent CP,Celiktas & Paltrowitz,1499.943,N,N,
1023,AE Jones & Burke,Burke & Jones,1499.942,N,N,
1024,Nova Institute ZL,Liu & Zou,1499.933,N,Y,
1025,Conroe Castillo & Melvin,Castillo & Melvin,1499.933,N,N,
1026,Grand Oaks MQ,Moreno & Quevedo,1499.931,N,N,
1027,Valdosta GH,Garbett-Chaitram & Hall,1499.927,N,N,
1028,College Prep Noelle Yearns & Piper Youman,Yearns & Youman,1499.927,N,N,
1029,Leland CG,Cho & Garg,1499.922,N,N,
1030,Bob Jones BE,Baugham & Ericson,1499.917,N,N,
1031,Frederick Douglass AD,Allen & Dright,1499.912,N,N,
1032,Collierville KC,Chen & Kavdia,1499.909,N,N,
1033,Concord Carlisle MJ,Jiang & Moffitt,1499.899,N,N,
1034,StMar Cho & Muhlig,Cho & Muhlig,1499.892,N,N,
1035,Cherry Creek AD,Allen & Dattilo,1499.883,N,N,
1036,American RJ,Jonnalagadda & Raman,1499.882,N,N,
1037,Nueva Braden Yang & Arisa Angspatt,Angspatt & Yang,1499.879,N,N,
1038,Hunter WJ,Jetley & Wan,1499.873,N,Y,
1039,Oakwood BH,Birnbaum & Harmon,1499.867,N,N,
1040,Bergen KS,Kim & Song,1499.862,N,Y,
1041,Ardrey Kell PK,Konakanchi & Peng,1499.858,N,N,
1042,Oxford SA,Alhusban & Schornhorst,1499.85,N,N,
1043,Dougherty Valley DK,Dhavala & Koshy,1499.848,N,N,
1044,Midtown WR,Reed & Warrier,1499.83,N,N,
1045,Milton Independent DP,Dsilva & Patel,1499.811,N,N,
1046,Marvin Ridge MP,Mehta & Potere,1499.781,N,N,
1047,Ardrey Kell SS,Sun & Sureneni,1499.774,N,N,
1048,Homewood-Flossmoor CD,Cherry & Dickey,1499.77,N,N,
1049,Bergen LC,Choi & Lee,1499.757,N,N,
1050,Speech and Debate India BK,Bothra & Khanna,1499.75,N,N,
1051,Dougherty Valley GP,Gireesha & Pal,1499.748,N,N,
1052,Collierville NP,Natra & Padit,1499.726,N,N,
1053,Dougherty Valley JM,Jamal & Mallajosyula,1499.724,N,N,
1054,Saratoga ZD,Duan & Zhao,1499.717,N,N,
1055,Olympian FC,Cho & Ramirez,1499.711,N,N,
1056,NS Independent ZS,Petreanu & Shraytah,1499.703,N,N,
1057,Hamilton PG,Grewal & Pothukuchi,1499.698,N,N,
1058,Lexington BS,Biswas & Streithorst,1499.696,N,N,
1059,NC School Of Science and Math - Durham SK,Karthikeyan & Shan,1499.696,N,N,
1060,CR North AP,Acereda & Patel,1499.685,N,N,
1061,JR Masterman PG,Golzari-Hunt & Plastaras,1499.678,N,N,
1062,Sharon HY,Hussain & Yarlagadda,1499.649,N,N,
1063,Dougherty Valley MR,Malineni & Rawal,1499.644,N,N,
1064,BASIS Phoenix SS,Kumar & Sudhakar,1499.644,N,N,
1065,AM Chandran & Kamat,Chandran & Kamat,1499.643,N,N,
1066,Cuthbertson PJ,Jaikumar & Patel,1499.634,N,N,
1067,Canyon Crest HK,Hu & Kong,1499.624,N,N,
1068,Harker LY,Liu & Yeh,1499.617,N,Y,
1069,Sequoyah HH,Hartung & Hartung,1499.608,N,N,
1070,Millard North KD,Devineni & Karri,1499.595,N,N,
1071,Dougherty Valley ChKa,Chu & Kadiyala,1499.588,N,N,
1072,Westlake RH,Howard & Rozek,1499.579,N,N,
1073,Samuel Wolfson KR,Kelley & Rolle,1499.556,N,N,
1074,Shrewsbury SP,Kumar & Pappu,1499.554,N,N,
1075,Regis MM,Marks & Moreno-Naya,1499.551,N,N,
1076,Harbinger TY,Tan & Yu,1499.541,N,Y,
1077,Monte Vista PP,Praveen & Praveen,1499.532,N,N,
1078,Collegiate BK,Belman & Kleinman,1499.522,N,N,
1079,American RK,Kothakota & Raman,1499.503,N,N,
1080,Lexington MS,Marri & Shen,1499.481,N,N,
1081,Fort Bend Christian Kimborowicz & Ross,Kimborowicz & Ross,1499.474,N,N,
1082,CleSpr Briggle & Link,Briggle & Link,1499.442,N,N,
1083,Nova 42 YV,Vibberts & Yaokasin,1499.386,N,N,
1084,Horace Mann EP,Ergin & Pinchuk,1499.38,N,N,
1085,BASIS Scottsdale NN,Nagpal & Nagpal,1499.311,N,N,
1086,Stuyvesant LY,Liu & Yarden,1499.309,N,N,
1087,Palatine Independent GM,Ghia & Murali,1499.305,N,N,
1088,Brother Rice SG,Guo & Szura,1499.302,N,N,
1089,Mountain View HK,Huang & Kim,1499.15,N,Y,
1090,Lincoln East SH,Ham & Sathish,1499.125,N,N,
1091,Lincoln Southwest KK,Kadiri & Keshk,1499.124,N,N,
1092,Westlake NR,Nguyen & Rana,1499.116,N,N,
1093,LakTra Klopp & David,David & Klopp,1499.092,N,N,
1094,Penn DW,Doland & Wagner,1499.092,N,N,
1095,Marist ZC,Crunk & Zeigler,1499.086,N,N,
1096,Equality Independent BZ,Burke & Zheng,1499.078,N,N,
1097,Myers Park HV,Holland & Voltolina,1499.075,N,N,
1098,Edina MM,Mehta & Meredith,1499.07,N,N,
1099,Ridge KM,Kautickwar & Mitra,1499.031,N,N,
1100,George Washington ES,Englert & Santucci,1499.014,N,N,
1101,West Shore Jr SE,El-Ahmad & Salyers,1499.011,N,N,
1102,Lexington GN,Guo & Nandy,1498.976,N,N,
1103,Trinity HJ,Husain & Jackson,1498.963,N,N,
1104,Duck AN,Avdhani & Nambiar,1498.954,N,N,
1105,Hawken MR,Martinez & Rotberg,1498.942,N,N,
1106,Dougherty Valley SB,Bansal & Shah,1498.916,N,N,
1107,Xavier EH,Eversley & Hoffman,1498.898,N,N,
1108,NSU AM,Annese & Malka,1498.896,N,N,
1109,Bergen AN,Ajazi & Nukala,1498.871,N,N,
1110,Potomac SA,Apurva & Sahai,1498.82,N,N,
1111,Harker GM,Ganesh & Miduthuri,1498.816,N,N,
1112,Central CN,Chen & Ng,1498.812,N,N,
1113,West Windsor Plainsboro South ST,Sadana & Telang,1498.802,N,N,
1114,Oakwood CK,Chowdhury & Kreilkamp,1498.801,N,N,
1115,FM XP,Pan & Xi,1498.798,N,N,
1116,American MD,Ding & Maram,1498.771,N,N,
1117,Windward HC,Crain & Hayutin,1498.769,N,N,
1118,Los Altos WL,Lingo & Wang,1498.727,N,N,
1119,Mira Mesa VH,Hlavac & Valencia,1498.679,N,N,
1120,Puyall Boggs & Butler,Boggs & Butler,1498.669,N,N,
1121,CheEas HG,Golwitzer & Haynes,1498.652,N,N,
1122,Quarry Lane LV,Li & Visal,1498.636,N,N,
1123,Mountain Brook DP,Duke & Pitner,1498.633,N,N,
1124,Nexus KW,Kapasi & Wang,1498.621,N,N,
1125,Strake Somers & Bhardwaj,Bhardwaj & Somers,1498.615,N,N,
1126,Princeton YH,Huang & Yu,1498.607,N,Y,
1127,Claremont PL,Luschei & Park,1498.577,N,N,
1128,Newton South RS,Rafat & Santhanam,1498.54,N,N,
1129,Palo Alto MD,Dang & Meng,1498.449,N,N,
1130,Speech and Debate India DG,Das & Goenka,1498.426,N,N,
1131,Millard North VL,Li & Venkateswaran,1498.395,N,N,
1132,Millard West PD,Duncan & Pokharel,1498.394,N,N,
1133,Ivy Bridge KY,Kumaran & Yan,1498.373,N,N,
1134,Emerald MG,Goswami & Mamidi,1498.357,N,N,
1135,Langley NC,Cho & Nguyen,1498.313,N,N,
1136,Collegiate BA,Arora & Belman,1498.304,N,N,
1137,American DuJo,Dua & Jonnalagadda,1498.282,N,N,
1138,LakWas Witriol & Sundaram,Sundaram & Witriol,1498.254,N,N,
1139,Tompkins Omonzejele & Polura,Omonzejele & Polura,1498.23,N,N,
1140,Golden Coast Pradeep & Taylor,Pradeep & Taylor,1498.217,N,N,
1141,Plano East GG,Gaddam & Galu,1498.209,N,N,
1142,Elkhorn South RH,Haussler & Reddy,1498.195,N,N,
1143,Bellev Cao & Guttigoli,Cao & Guttigoli,1498.185,N,N,
1144,Issaqu Mura & Lian,Lian & Mura,1498.185,N,N,
1145,MouSi Proctor & Shivhare,Proctor & Shivhare,1498.185,N,N,
1146,Issaqu Tamhane & Nguyen,Nguyen & Tamhane,1498.176,N,N,
1147,Millard North NM,Mishra & Nedunoori,1498.174,N,N,
1148,MouSi Karim & Ahmed,Ahmed & Karim,1498.166,N,N,
1149,Interl Yadav & Fan,Fan & Yadav,1498.155,N,N,
1150,Interl Krishnakumar & Xing,Krishnakumar & Xing,1498.148,N,N,
1151,Unionville CF,Chen & Fan,1498.143,N,Y,
1152,Strake Chaffin & Higgins,Chaffin & Higgins,1498.14,N,N,
1153,Brooklyn Technical SB,Banik & Sharma,1498.134,N,N,
1154,Midtown HP,Hyken & Parssinen,1498.127,N,N,
1155,Tomball Memorial Tapar & Qazi,Qazi & Tapar,1498.126,N,N,
1156,Seattl Barth & Richardson,Barth & Richardson,1498.124,N,N,
1157,AM Barimani & Botre,Barimani & Botre,1498.12,N,N,
1158,San Francisco LH,Hasson & Leung,1498.119,N,N,
1159,Millard West HG,Gunsolley & Hao,1498.116,N,N,
1160,RocHil Sanjeev Kumar & Gerard,Gerard & Kumar,1498.114,N,N,
1161,JamBow Herman & Huckabee,Herman & Huckabee,1498.109,N,N,
1162,Chantilly Miriyala & Ghadiali,Ghadiali & Miriyala,1498.108,N,N,
1163,Interl Kim & Zhu,Kim & Zhu,1498.105,N,N,
1164,EasPre Patankar & Hong,Hong & Patankar,1498.105,N,N,
1165,Millard North MO,Mirza & Ogun,1498.096,N,N,
1166,Centennial KK,Kasera & Kumar,1498.087,N,N,
1167,Overla Mittal & Chawla,Chawla & Mittal,1498.085,N,N,
1168,GlaPea Kaikatsishvili & Wang,Kaikatsishvili & Wang,1498.065,N,N,
1169,Centennial Belousov & Kancharla,Belousov & Kancharla,1498.052,N,N,
1170,Bronx Science AW,ADVANI & WONG,1498.049,N,N,
1171,Harrisburg LW,Leyro & Winter,1498.006,N,N,
1172,Brentwood CJ,Chou & Johnson,1497.972,N,N,
1173,Village KS,Keswani & Saini,1497.96,N,N,
1174,Acclive JB,Bian & Jia,1497.886,N,N,
1175,Flintridge Prep LX,Lavichant & Xu,1497.885,N,N,
1176,Issaquah JR,Jackson & Ramireddy,1497.882,N,N,
1177,CR North AZ,Ambati & Zhang,1497.875,N,N,
1178,Seven Lakes YM,Migliavacca & Yechuri,1497.84,N,N,
1179,Bronx Science EF,Einhorn & Farooqui,1497.839,N,N,
1180,Colony TP,Peele & Tiwari,1497.811,N,N,
1181,Maret Independent GF,Flaherty & Gordon,1497.791,N,N,
1182,Skyline PB,Bartholomew & Park,1497.779,N,N,
1183,Middleton KK,Kim & Koeller,1497.578,N,N,
1184,Taipei American PC,Chang & Park,1497.559,N,Y,
1185,BASIS Scottsdale PS,Panwar & Srivatsa,1497.555,N,N,
1186,SevLak Liu & Xie,Liu & Xie,1497.551,N,Y,
1187,Hamilton MM,Mali & Muccala,1497.551,N,N,
1188,Marist MZ,Mastella & Zeigler,1497.455,N,N,
1189,Marist BZ,Baldwin & Zeigler,1497.417,N,N,
1190,Regis PP,Pace & Prisament,1497.396,N,N,
1191,CR North SW,Seto-Basse & Wang,1497.345,N,N,
1192,Hunter TB,Burton & Tsung,1497.318,N,N,
1193,University KI,Ihler & Katkuri,1497.314,N,N,
1194,East Ridge MV,Mahajan & Vijayakumar,1497.242,Y,N,
1195,Laurel RD,Dodla & Rosenfeld,1497.242,N,N,
1196,NAVI CT,Choe & Tang,1497.215,N,Y,
1197,SF Lincoln Ramirez & Spaans,Ramirez & Spaans,1497.187,N,N,
1198,Valley Christian QW,Qi & Wang,1497.15,N,N,
1199,American Heritage Broward SN,Nair & Shin,1497.038,N,N,
1200,Lexington NB,Babcock & Nair,1497.002,N,N,
1201,Regis DR,Dominguez & Rodriguez,1496.963,N,N,
1202,SA Ozone Park IL,Iwuoha & Lennard,1496.935,N,N,
1203,MSTW Independent SB,Budamakayala & Shah,1496.934,N,N,
1204,CB Wazni & Modi,Modi & Wazni,1496.924,N,N,
1205,Bergen County Academies PZ,Pak & Zhou,1496.921,N,N,
1206,BASIS Independent McLean PY,Park & Yang,1496.832,N,N,
1207,Holy Trinity Episcopal RH,Hudson & Richardson,1496.821,N,N,
1208,Maret AD,Armstrong & don,1496.805,N,N,
1209,Columbus LK,Khan & Lee,1496.731,N,Y,
1210,DH GB,Bhat & Gong,1496.708,N,N,
1211,Homewood-Flossmoor GW,Greep & Wright,1496.702,N,N,
1212,AH MW,Mi & Wei,1496.685,N,N,
1213,Northeast Atlantic Independent KZ,Kapasi & Zhang,1496.621,N,N,
1214,Honor LR,Lee & Revagad,1496.607,N,N,
1215,Edina MD,Daggett & Menning,1496.58,N,N,
1216,Holton Arms DT,Humphries-Do & Thompson,1496.578,N,N,
1217,Fish War Independent HR,Heifetz & Ramkumar,1496.568,N,N,
1218,CMI CG,Chan & Gong,1496.506,N,N,
1219,Conroe AS,Apugo & Stone,1496.505,N,N,
1220,AY Shah & Mahajan,Mahajan & Shah,1496.489,N,N,
1221,Ivy Bridge BS,Barole & Singh,1496.486,N,N,
1222,Potomac SL,Leonardo & Staver,1496.485,N,N,
1223,Molloy LX,Lombardo & Xiao,1496.477,N,N,
1224,Los Pollos KL,Kang & Li,1496.468,N,Y,
1225,Germantown Friends NC,Chau & Noel,1496.464,N,N,
1226,Elkins ST,Sharma & Tammana,1496.453,N,N,
1227,Plano East CG,Chandrasekar & Ghaffar,1496.421,N,N,
1228,Godwin Independent KK,Khan & Khan,1496.405,N,Y,
1229,Canyon Crest AM,Agrawal & Mehringer,1496.397,N,N,
1230,Potomac BR,Bernhoft & Ram,1496.391,N,N,
1231,EL MV,Meredith & Vega,1496.379,N,N,
1232,Rock Hill JP,Janagama & Podamala,1496.375,N,N,
1233,Germantown Friends SK,Kennedy & Sethu,1496.353,N,N,
1234,Gulliver Prep VR,Rdriguez & Vieira,1496.345,N,N,
1235,BoeCha Cardwell & Johnson,Cardwell & Johnson,1496.345,N,N,
1236,Golden State GP,Giridaran & Parhar,1496.344,N,N,
1237,Delbarton DQ,Dufner & Qiao,1496.344,N,N,
1238,CleSpr Jacobs & Hall,Hall & Jacobs,1496.343,N,N,
1239,St Mary's Dominican JR,Johnston & Raimer,1496.337,N,N,
1240,AY Bialczak & Wong,Bialczak & Wong,1496.336,N,N,
1241,University SC,Chan & Samuels,1496.331,N,Y,
1242,Fairmont Prep ML,Liu & Mallidi,1496.329,N,N,
1243,Sequoyah TW,Tillero & Wall,1496.327,N,N,
1244,Palo Alto LL,Liang & Liu,1496.325,N,Y,
1245,Bridgewater Raritan PR,Pranav & Ramakrishnan,1496.324,N,N,
1246,West Windsor Plainsboro South TS,Srinivasan & Telang,1496.303,N,N,
1247,Fairmont Prep HZ,He & Zhou,1496.295,N,Y,
1248,EasPre Coddon & Oommen,Coddon & Oommen,1496.292,N,N,
1249,St Paul Academy and Summit KH,Hanna & Kizilbash,1496.281,N,N,
1250,Brooks Debate Institute AR,Albumalalah & RajeshShanmugam,1496.279,N,N,
1251,Milton PR,Patel & Redmon,1496.271,N,N,
1252,Potomac OL,Lumm & O'Connell,1496.269,N,N,
1253,Dougherty Valley KS,Kalra & Syed,1496.266,N,N,
1254,CR North SS,Seto-Basse & Sitapara,1496.26,N,N,
1255,Bergen WR,RajSharma & Wu,1496.253,N,N,
1256,Harrisburg BM,Berg & Mayland,1496.251,N,N,
1257,Potomac SS,Sahai & Sahu,1496.25,N,N,
1258,Plano East VV,Vats & Veerisetty,1496.25,N,N,
1259,SF Lincoln RW,Ramirez & Wheeler,1496.25,N,N,
1260,BC Academy GY,Guo & Yun,1496.246,N,N,
1261,Seven Lakes Ho & Fan,Fan & Ho,1496.24,N,N,
1262,Valley Christian MJ,Jiang & Mellachervu,1496.233,N,N,
1263,Jackson-Reed RC,Clark & Reed,1496.23,N,N,
1264,Lovejoy Lee & Chowdhury,Chowdhury & Lee,1496.23,N,N,
1265,Willow PN,Ndiaye & Polin,1496.223,N,N,
1266,Millard West AC,Askew & Choi,1496.22,N,N,
1267,Potomac KV,Kamireddy & Venkatesh,1496.21,N,N,
1268,Ivy Bridge CK,Choi & Kalipatnapu,1496.209,N,N,
1269,Valley Christian AC,An & Cao,1496.207,N,N,
1270,Hastings SV,Schroeder & Vanboening,1496.201,N,N,
1271,Dougherty Valley CK,Chatterjee & Krishna,1496.196,N,N,
1272,Nexus OP,Oliveira & Paltrowitz,1496.194,N,Y,
1273,Midtown HC,Chekanow & Hyken,1496.184,N,N,
1274,Collegiate KW,Kulman & Warner,1496.182,N,N,
1275,Bergen County Academies AC,Ayden & Chung,1496.17,N,N,
1276,Oxford WK,King & Wigginton,1496.17,N,N,
1277,San Francisco GZ,Greenhouse & Zhang,1496.158,N,N,
1278,Frederick Douglass JB,Brooks & Johnson,1496.153,N,N,
1279,Delta BP,Burruss & Pirela,1496.146,N,N,
1280,Palo Verde BF,Boyarski & Fernandez,1496.146,N,N,
1281,Richland DP,Dattani & Paruchuri,1496.133,N,N,
1282,Emerald XN,Nookala & Xu,1496.104,N,N,
1283,Sophie B. Wright Institute Of Academic Excellence AS,Antoine & Smith,1496.092,N,N,
1284,Potomac HV,Harmeling & Vilensky,1496.086,N,N,
1285,Jackson-Reed BF,Braga & Farrell,1496.082,N,N,
1286,DC AM,Ahn & Medvedev,1496.079,N,N,
1287,CP Chen & Allison,Allison & Chen,1496.072,N,N,
1288,Speech and Debate India KA,Agrawal & Kacholia,1496.06,N,N,
1289,Flower Mound Mupparapu & Mohan,Mohan & Mupparapu,1496.048,N,N,
1290,BASIS Scottsdale SS,Srivatsan & Sunkara,1496.044,N,N,
1291,EarWar Leyva & Abdelqader,Abdelqader & Leyva,1496.021,N,N,
1292,Los Osos WW,Wang & Wong,1495.953,N,N,
1293,Bronx Science DP,Dhekne & Potti,1495.944,N,N,
1294,Fairview KZ,Kim & Zhou,1495.934,N,Y,
1295,Potomac CK,Chen & Kumar,1495.906,N,N,
1296,South Forsyth AY,Avdhani & Yadav,1495.839,N,N,
1297,Overla Wang & Yu,Wang & Yu,1495.77,N,Y,
1298,Valley Christian ZV,Vu & Zhang,1495.754,N,N,
1299,Taipei American ZL,Lin & Zhong,1495.716,N,N,
1300,Lincoln RF,Farrimond & Richardson,1495.671,N,N,
1301,Nueva CR,Chen & Rabin,1495.624,N,N,
1302,Grinnell DH,Dobe & Hatcher,1495.584,N,N,
1303,Germantown Friends JL,Jun & Liu,1495.559,N,N,
1304,Montville PP,Panchal & Patel,1495.532,N,N,
1305,Elkins Ju & Cui,Cui & Ju,1495.514,N,N,
1306,Keyspeak WY,Wu & Yin,1495.499,N,N,
1307,JR Masterman GS,Gada & Santoro,1495.476,N,N,
1308,Iowa City West DR,Downey & Ross,1495.445,N,N,
1309,Cranbrook ZW,Wu & Zhang,1495.334,N,Y,
1310,St Paul Academy and Summit NS,Narayan & Senaratna,1495.324,N,N,
1311,Masters MM,Malkin & McElfresh,1495.32,N,N,
1312,Alliance KC,Chintalapudi & Kishore,1495.306,N,N,
1313,Trinity CG,Chen & Guan,1495.29,N,N,
1314,McLean LZ,Li & Zou,1495.116,N,Y,
1315,Loyola MO,Min & Oh,1495.107,N,N,
1316,Albuquerque RG,Grandhe & Rounds,1495.095,N,N,
1317,Livingston BH,Baijal & Heifetz,1495.052,N,N,
1318,Sidwell FG,Fagell & Garside,1495.027,N,N,
1319,Plano West CY,Cheng & Yu,1495.01,N,Y,
1320,College Prep Maya Alhamadsheh & Emily Cao,Alhamadsheh & Cao,1494.946,N,N,
1321,Grinnell BD,Backlin & DeRidder,1494.895,N,N,
1322,SF Lincoln PW,Pervez & Wilke,1494.743,N,N,
1323,Oakwood Samay Khosla & Nikolai Robin,Khosla & Robin,1494.737,N,N,
1324,Valley Christian MC,Chen & Ma,1494.728,N,Y,
1325,Albuquerque XT,Tohen & Xia,1494.662,N,N,
1326,Acton-Boxborough PP,Patil & Patil,1494.642,N,Y,
1327,Marvin Ridge KD,Dadhania & Kale,1494.596,N,N,
1328,Bronx Science MJ,Jones & Mahase,1494.563,N,N,
1329,Delbarton CA,Amin & Caravello,1494.56,N,Y,
1330,Tompkins Bhowmick & Wu,Bhowmcik & Wu,1494.551,N,N,
1331,Oxbridge DV,Leo & Vining,1494.535,N,N,
1332,Fort Collins GA,Attridge & Grobaski,1494.518,N,N,
1333,AM Davis & Katru,Davis & Katru,1494.513,N,N,
1334,Grinnell SB,Boyd & Stensrud,1494.495,N,N,
1335,Helix Charter RL,Lara & Rivera,1494.481,N,N,
1336,Millard West KP,Kreager & Peetz,1494.465,N,N,
1337,Phoenix Independent Mohan & Ahilan,Ahilan & Mohan,1494.458,N,N,
1338,Bellev Lee & Chitiprolu,Chitiprolu & Lee,1494.455,N,N,
1339,Potomac CS,Creed & Sang,1494.441,N,N,
1340,Millard North PV,Pal & Vanaparti,1494.435,N,N,
1341,MouSi Patil & Sethuraman,Patil & Sethuraman,1494.433,N,N,
1342,Issaqu Stagg & Chin,Chin & Stagg,1494.419,N,N,
1343,CMI ZY,Yang & Zhang,1494.408,N,N,
1344,BE Utterback & Ramey,Ramey & Utterback,1494.395,N,N,
1345,Newpor McGowan & Meng,McGowan & Meng,1494.386,N,N,
1346,SF Lincoln WH,Hohn & Weeks,1494.377,N,N,
1347,Leland DS,DeScioli & Sarhangnejad,1494.376,N,N,
1348,Overla Chummun & Sinha,Chummun & Sinha,1494.376,N,N,
1349,GigHar LeTellier & Neff,LeTellier & Neff,1494.376,N,N,
1350,Issaqu Nath & Siddiqui,Nath & Siddiqui,1494.373,N,N,
1351,Kinkaid papadopoulos & Yu,Yu & papadopoulos,1494.37,N,N,
1352,Quarry Lane MK,Karthi & Mathur,1494.363,N,N,
1353,Overla Sun & Aldahlaki,Aldahlaki & Sun,1494.355,N,N,
1354,Emerald HN,Haile & Nutakki,1494.342,N,N,
1355,Marist CF,Crunk & Findley,1494.337,N,N,
1356,Bellev Supreeth & Lee,Lee & Supreeth,1494.336,N,N,
1357,GlaPea Singh & Vijay kumar,Singh & kumar,1494.335,N,N,
1358,Bridgeland Padron & Thompson,Padron & Thompson,1494.324,N,N,
1359,Milpitas LM,Lo & Mathur,1494.319,N,N,
1360,Foothill Independent CZ,Chang & Zhu,1494.303,N,N,
1361,Langley KS,Kumar & Skvortsov,1494.277,N,N,
1362,Potomac MS,Munagala & Sahu,1494.265,N,N,
1363,LakTra Arora & Pasala,Arora & Pasala,1494.261,N,N,
1364,VDA - Vancouver YZ,Yao & Zhang,1494.196,N,Y,
1365,Fairmont Prep TT,Tan & To,1494.162,N,N,
1366,Foothill GS,Goel & Shin,1493.997,N,N,
1367,Potomac GA,Ajai & Gamache,1493.986,N,N,
1368,Magnolia RJ,Julakanti & Reyansh,1493.911,N,N,
1369,Dougherty Valley CY,Chatterjee & Yeung,1493.885,N,N,
1370,Bellarmine  MJ,Joshi & Mitra,1493.883,N,N,
1371,Midtown HC,Chekanow & Hallett,1493.851,N,N,
1372,Harbinger CW,Cao & Wu,1493.771,N,N,
1373,Ivy XX,Xu & Xu,1493.723,N,Y,
1374,Central FN,Felderman & Nieto,1493.639,N,N,
1375,Stuyvesant GM,Gelman & Mahim,1493.636,N,N,
1376,Holton Arms MA,Agha & Miao,1493.634,N,N,
1377,Sunset SS,Sun & Sung,1493.623,N,N,
1378,Midtown ML,Lignugaris & Moye,1493.61,N,N,
1379,Everglades JK,Jones & Koottungal,1493.564,N,N,
1380,Grace Church VS,Scurlock & Valazzi,1493.502,N,N,
1381,Strake Jesuit  GS,Gadin & Shatby,1493.445,N,N,
1382,West Windsor Plainsboro South DS,Dharma & Sarda,1493.445,N,N,
1383,Palm Harbor PG,Gupta & Popuri,1493.438,N,N,
1384,Delbarton TT,Thomas & Thomas,1493.425,N,Y,
1385,Blake DZ,Du & Zhou,1493.36,N,N,
1386,McLean WS,Studart & Wibowo,1493.347,N,N,
1387,Solon DS,Dahiya & Shong,1493.304,N,N,
1388,Bergen RJ,Jetty & Ramkumar,1493.292,N,N,
1389,Potomac KR,Kang & Ravi,1493.255,N,N,
1390,Notre Dame San Jose BP,Baul & Parikh,1493.248,N,N,
1391,Eden Prairie BC,Baroda & Challa,1493.216,N,N,
1392,BASIS Peoria Independent KC,Cho & Kanungo,1493.113,N,N,
1393,CypWoo Verma & Goldsmith,Goldsmith & Verma,1493.101,N,N,
1394,Resurrection Christian DN,Dudek & Nguyen,1493.081,N,N,
1395,Conroe Upcraft & Mendoza,Mendoza & Upcraft,1493.048,N,N,
1396,Episcopal HS - Houston Bellaire AP,Anwar & Pan,1492.983,N,N,
1397,American Heritage Broward AK,Alvarez & Kellogg,1492.976,N,N,
1398,Mission San Jose QD,Dinker & Qin,1492.958,N,N,
1399,Ransom Everglades TC,Chinoy & Torres,1492.955,N,N,
1400,Foothill Independent AG,Adhikesaven & Goel,1492.922,N,N,
1401,West Broward HO,Hernandez & Ortega,1492.915,N,N,
1402,Ardrey Kell VB,Bethi & Vankayala,1492.896,N,N,
1403,SA Bronx DO,Diallo & Owusu,1492.887,N,N,
1404,West Windsor Plainsboro South RR,Rai & Rangaraju,1492.876,N,N,
1405,Olympian LG,Guevara & Loewy,1492.87,N,N,
1406,James Logan ML,Lukose & Mutti,1492.865,N,N,
1407,Canyon Crest PA,Asuri & Pandhi,1492.863,N,N,
1408,West Windsor Plainsboro South SG,Gupta & Srinivasan,1492.852,N,N,
1409,AJ MM,Ma & Marri,1492.848,N,N,
1410,Plano East AN,Akula & Nath,1492.835,N,N,
1411,University PN,Nadiger & Paramanova,1492.802,N,N,
1412,American Heritage Broward CM,Chemuru & Mian,1492.779,N,N,
1413,Milton Acad AX,Ahmad & Xu,1492.773,N,N,
1414,National Debate Club (NDC) AR,Arun & Ranjit,1492.751,N,N,
1415,Mountain Brook DP,Druxman & Portera,1492.726,N,N,
1416,AE Gilbert & Wheeler,Gilbert & Wheeler,1492.707,N,N,
1417,Ivy Bridge KP,Karthikeyan & Puri,1492.698,N,N,
1418,Golden State SS,Sharma & Surla,1492.682,N,N,
1419,Columbus MD,Dara & Moshier,1492.674,N,N,
1420,West Windsor Plainsboro South WG,Gupta & Wang,1492.664,N,Y,
1421,Westwo Wu & Travkin,Travkin & Wu,1492.664,N,N,
1422,Northeast Atlantic Independent MD,Da & Mohan,1492.642,N,N,
1423,American Heritage Broward AL,Avula & Lecompte,1492.627,N,N,
1424,Seven Lakes Akbarzadeh & Balasubramanian,Akbarzadeh & Balasubramanian,1492.618,N,N,
1425,Ballantyne Ridge BS,Biswas & Srivastava,1492.615,N,N,
1426,Acclive ZH,Ho & Zheng,1492.615,N,N,
1427,Marvin Ridge BI,Belur & Iyer,1492.6,N,N,
1428,Golden State WK,Kathireddy & Wei,1492.59,N,N,
1429,Alta WH,Henderson & Welch,1492.584,N,N,
1430,Westborough MH,Hegde & Mondal,1492.581,N,N,
1431,CP DF,Deng & Fan,1492.566,N,Y,
1432,Elkhorn South KS,Kantheti & Shenouda,1492.562,N,N,
1433,Ivy Bridge PT,Prashanth & Tata,1492.545,N,N,
1434,Ernest W. Seaholm DM,Demski & McGrath,1492.541,N,N,
1435,Murrah BP,Belvin & Powell,1492.54,N,N,
1436,Frederick Douglass RC,Collins & Richardson,1492.536,N,N,
1437,McLean SL,Liu & Sandhu,1492.536,N,N,
1438,Potomac CL,Creed & Lin,1492.526,N,N,
1439,JPG GP,Grimley & Palmer,1492.523,N,N,
1440,VDA - Vancouver WZ,Wang & Zhong,1492.52,N,N,
1441,Seattl Nilakantan & Pastakia,Nilakantan & Pastakia,1492.519,N,N,
1442,JR Masterman OS,O'connell & Snyder,1492.512,N,N,
1443,VDA - Vancouver SX,Shi & Xiang,1492.503,N,N,
1444,Cranbrook Anna Raheja & Alice Mei,Mei & Raheja,1492.497,N,N,
1445,Flintridge Prep RS,Raptis & Shivaram,1492.49,N,N,
1446,Oakwood Katherine Lee & Penelope Stern,Lee & Stern,1492.484,N,N,
1447,Mountain House GS,Ganji & Suresh,1492.482,N,N,
1448,NS Independent KT,Kapoor & Thomas,1492.482,N,Y,
1449,EarWar Bantin & riojas,Bantin & riojas,1492.481,N,N,
1450,American SS,Sanghvi & Sathiyamoorthi,1492.457,N,N,
1451,Leland PC,Chaudhary & Potnis,1492.44,N,N,
1452,Milton XH,Huang & Xie,1492.438,N,Y,
1453,Mountain House NU,Narang & Umar,1492.426,N,N,
1454,Frederick Douglass CW,Cooper & White,1492.409,N,N,
1455,Ivy MM,Mohan & Moran,1492.397,N,N,
1456,Quarry Lane LN,Li & Nandan,1492.376,N,N,
1457,HC Chick & Ball,Ball & Chick,1492.373,N,N,
1458,Hunter AM,Almedia-Batallas & Mak,1492.345,N,N,
1459,Charlotte Latin NO,Narang & Ogbata,1492.34,N,N,
1460,Mount Carmel WR,Ramirez & Wigley,1492.336,N,N,
1461,Taipei American CC,Chao & Chen,1492.329,N,N,
1462,Westborough MS,Mondal & Sethi,1492.327,N,N,
1463,BB NR,Nielsen & Raymond,1492.318,N,N,
1464,Los Altos CB,Balan & Chung,1492.305,N,N,
1465,Bergen CP,Conrad & Peacock,1492.28,N,N,
1466,Zachary KS,Knight & Scott,1492.235,N,N,
1467,Brookfield East MJ,Jonnada & Moorching,1492.223,N,N,
1468,Cuthbertson SV,Song & Vadde,1492.154,N,N,
1469,Millburn SX,Sinha & Xia,1492.101,N,N,
1470,Plano West CC,Chen & Cui,1492.054,N,N,
1471,Bronx Science ChWa,Cheng & Wang,1491.954,N,Y,
1472,Sequoyah WN,New & Wall,1491.924,N,N,
1473,Bronx Science HF,Fang & Hamid,1491.911,N,N,
1474,McLean KR,Kang & Rucker,1491.897,N,N,
1475,NSU CP,Chikara & Pearl,1491.89,N,N,
1476,DuPont Manual HS    Youth Performing Arts AC,Agrawal & Chaudhary,1491.843,N,N,
1477,BASIS Independent McLean HT,Hiu & Tashkhanov,1491.81,N,N,
1478,DuPont Manual HS    Youth Performing Arts LT,Lin & Thakur,1491.688,N,N,
1479,Bridgewater Raritan TK,Krishnan & Tejani,1491.598,N,N,
1480,Ridge BN,Bonda & Narang,1491.531,N,N,
1481,Stuyvesant HR,Harrington & Rajda,1491.431,N,N,
1482,Plano East TP,Patel & Talo,1491.428,N,N,
1483,NAVI JC,Choi & Jin,1491.394,N,N,
1484,SA Ozone Park US,Singh & Udom,1491.381,N,N,
1485,Brookfield East MG,Girish & Manne,1491.362,N,N,
1486,Germantown Friends Independent SZ,Sethu & Zhong,1491.36,N,N,
1487,Walton NM,MacColl & Naor,1491.137,N,Y,
1488,Trinity LY,Li & Yong,1491.104,N,N,
1489,American Heritage Broward FS,Fateev & Shin,1491.104,N,N,
1490,Dougherty Valley KN,Kadiyala & Nanda,1491.072,N,N,
1491,Foothill Independent KV,Kudaraya & Vobilisetti,1491.049,N,N,
1492,North Atlanta CW,Conley & Woods,1491.011,N,N,
1493,Plano East TA,Arunkumar & Thai,1491.003,N,N,
1494,CypWoo Cosio & Easey,Cosio & Easey,1490.944,N,N,
1495,Plano East CR,Chaudhry & Rajendran,1490.742,N,N,
1496,CD Conrad & Zou,Conrad & Zou,1490.697,N,N,
1497,Golden State SZ,Shah & Zhou,1490.674,N,Y,
1498,Fort Collins YT,Tremblay & Yalin,1490.669,N,N,
1499,Lincoln-Sudbury KI,Immonen & Karmacharya,1490.666,N,N,
1500,Bellev Avdeyev & Jatia,Avdeyev & Jatia,1490.665,N,N,
1501,Taipei American YL,Lauk & Yang,1490.656,N,N,
1502,Plano East BT,Baliarsingh & Tripathi,1490.653,N,N,
1503,Foothill Independent GM,Gaur & Mallem,1490.645,N,N,
1504,West Bloomfield DM,Donnelly & Morgan,1490.589,N,N,
1505,Wake Prep DV,D'Aguilar-Tellado & Vandervlies,1490.54,N,N,
1506,Potomac SS,Sahu & Srivastava,1490.453,N,N,
1507,CD Kim & Zou,Kim & Zou,1490.44,N,Y,
1508,Bronx Science MS,Moser & Sander,1490.41,N,N,
1509,American MP,Maram & Pathuri,1490.399,N,N,
1510,Stratford WW,Wang & Wu,1490.376,N,Y,
1511,Southern Lehigh MM,MacDonald & Markle,1490.238,N,N,
1512,Overla Khan & Khan & Wang,Khan & Wang,1490.23,N,Y,
1513,Durham TS,Schulz & Tsui,1490.136,N,N,
1514,Dougherty Valley SB,Baldawa & Syed,1490.126,N,N,
1515,Ransom Everglades PD,Pena & de,1490.124,N,N,
1516,CR North AH,Acereda & Haroon,1489.957,N,N,
1517,BASIS Phoenix KC,Choudhary & Khare,1489.906,N,N,
1518,Ridge JA,Arora & Janani,1489.874,N,N,
1519,Potomac LB,Bharatia & Lindhaus,1489.79,N,N,
1520,Patrick F. Taylor Science and Tech AH,Alexeeva & Hoang,1489.787,N,N,
1521,Arlington PB,Burke & Potere,1489.705,N,N,
1522,Cary Acad BW,Bowles & Wang,1489.608,N,N,
1523,Byram Hills OR,Ouyang-Christiansen & Read,1489.603,N,N,
1524,Jasper XJ,Jiang & Xie,1489.461,N,Y,
1525,Strake Jumalon & Davis,Davis & Jumalon,1489.442,N,Y,
1526,Wissahickon DC,Cesarone & Doll-Young,1489.372,N,N,
1527,BASIS Scottsdale Nora Azizi & Manasa Nalla,Azizi & Nalla,1489.263,N,N,
1528,Potomac TW,Tsai & Wang,1489.184,N,Y,
1529,Ravenwood VS,Sankar & Volety,1489.166,N,N,
1530,EA TS,Sivasenthil & Thaduru,1489.145,N,N,
1531,Natick BY,Belev & Yu,1489.135,N,N,
1532,Blake ZF,Frenzel & Zhou,1489.089,N,N,
1533,JR Masterman SD,Dhiamandi & Santoro,1489.074,N,N,
1534,Cambridge Rindge and Latin LR,Liang & Rakoff-O'Neill,1489.068,N,N,
1535,Brooklyn Technical HA,Ademi & Hetnarine,1489.054,N,N,
1536,Central LL,Lian & Liang,1489.051,N,N,
1537,Ivy IC,Chandra & Iyer,1489.027,N,Y,
1538,Bronx Science KS,Kanon & Shova,1489.005,N,N,
1539,Strake Erickson & Vo,Erickson & Vo,1489.004,N,N,
1540,Horace Mann PoSu,Porres & Sun,1488.995,N,N,
1541,Pine View KL,Kakkad & Liu,1488.992,N,N,
1542,Germantown Friends CH,Chen & Ho,1488.963,N,N,
1543,Mountain Brook CD,Chapman & Doobrow,1488.86,N,N,
1544,Central CL,Chen & Liang,1488.853,N,Y,
1545,Hunter PH,Hurwitz & Pravda,1488.842,N,N,
1546,Milpitas KC,Chan & Kaluvakota,1488.821,N,N,
1547,Taipei American ML,Lu & Ma,1488.8,N,Y,
1548,Gulf Breeze JT,Jacobs & Tillery,1488.793,N,N,
1549,Acclive YX,Xu & Yu,1488.776,N,Y,
1550,Potomac PA,Abraham & Phelps,1488.766,N,N,
1551,CR North DP,DiCicco & Patel,1488.766,N,N,
1552,Harker AL,Agarwal & Lin,1488.669,N,Y,
1553,Lincoln East WP,Peterson & Williams,1488.668,N,N,
1554,Everglades FM,Fernandez & Medina,1488.583,N,N,
1555,Unionville CR,Childs & Rayos,1488.581,N,N,
1556,Denver East BB,Burchill & Burrell,1488.577,N,N,
1557,Western KM,Korn & Murphy,1488.494,N,N,
1558,Monta Vista GS,Gupta & Shenoy,1488.468,N,Y,
1559,Ivy Bridge MK,Kalra & MacColl,1488.366,N,Y,
1560,James Madison RY,Rose & Yu,1488.293,N,N,
1561,Nueva AC,Arkin & Chen,1488.292,N,N,
1562,Acton-Boxborough TG,Garg & Tang,1488.287,N,Y,
1563,Strake Pruneda Hernandez & Davis,Davis & Hernandez,1488.283,N,Y,
1564,Trinity Prep PM,Membreno & Paul,1488.217,N,N,
1565,Wissahickon HM,He & Meng,1488.209,N,Y,
1566,St Michael's PC,Castillo & Peña,1488.142,N,N,
1567,Potomac KA,Abraham & Kostrov,1488.123,N,N,
1568,Desert Vista FZ,Hernandez & Zhu,1488.123,N,N,
1569,Dalton FS,Fogelman & Schaaf,1488.046,N,N,
1570,NAVI KH,Hu & Kim,1487.99,N,N,
1571,NS Independent WK,Kapoor & Wang,1487.932,N,Y,
1572,MSTW Independent GR,Gaur & Roy,1487.93,N,N,
1573,Bishop Moore Catholic DM,Drabik & Mahecha,1487.893,N,N,
1574,Apex Friendship BB,Bavosa & Bowman,1487.878,N,N,
1575,Apex Friendship BW,Boulanger & Wilkerson,1487.84,N,N,
1576,Ardrey Kell SV,Saha & Venkatachalam,1487.819,N,N,
1577,Edina MM,Ma & Meredith,1487.811,N,N,
1578,BASIS Silicon Valley SD,Dai & Sun,1487.809,N,N,
1579,Delbarton HD,Dufner & Hosler,1487.759,N,N,
1580,Valley Christian DL,Dharne & Lakhia,1487.759,N,N,
1581,Vanguard Independent SS,Saxena & Senthilkumar,1487.754,N,N,
1582,Lexington SW,Sawant & Wang,1487.735,N,N,
1583,McLean RG,Glass & Rucker,1487.733,N,N,
1584,Mt.Carmel GM,Ganguly & Maretto,1487.725,N,N,
1585,Bronx Science DH,Dominici & Hia,1487.692,N,N,
1586,DuPont Manual HS    Youth Performing Arts KT,Kemp & Tangelloju,1487.688,N,N,
1587,Midtown HH,Hadjinitchev & Hyken,1487.684,N,N,
1588,Head-Royce LL,Le & Liu,1487.663,N,Y,
1589,Lynbrook XT,Tat & Xu,1487.646,N,Y,
1590,Weston VD,Ding & Vance,1487.529,N,N,
1591,Bronx Science NV,Nu & Veerubhotla,1487.528,N,N,
1592,Blake ZT,Tenguria & Zhou,1487.522,N,N,
1593,MSTW Independent GK,Gvozdenovic & Khanna,1487.377,N,N,
1594,Acton-Boxborough HV,Hegde & Vutukur,1487.36,N,N,
1595,Arlington BS,Burke & Stencik,1487.356,N,N,
1596,Saratoga WP,Pradhan & Wang,1487.339,N,N,
1597,Awty International JX,Joshi & Xu,1487.336,N,N,
1598,Cupertino HL,Harish & Liu,1487.321,N,N,
1599,Gulliver Prep Kirsten Hug & Joshua Navarro,Hug & Navarro,1487.253,N,N,
1600,Mission San Jose RK,Kaushik & Ramkumar,1487.248,N,N,
1601,Strake Jesuit  SJ,Jiang & Shatby,1487.219,N,N,
1602,Summit MK,Khan & Mazo,1487.184,N,N,
1603,SA Midtown West TR,Rabinovich & Teller,1487.18,N,N,
1604,Millard North PL,Li & Pal,1487.178,N,N,
1605,Fairmont Prep LZ,Lu & Zraiqat,1487.159,N,Y,
1606,LakTra Kovvuri & O'Shannessy,Kovvuri & O'Shannessy,1487.075,N,N,
1607,Cambridge Rindge and Latin RM,MacDougall & Ristivojevic,1487.034,N,N,
1608,Palo Alto LM,Leins & Matsuzawa,1486.998,N,N,
1609,Vanguard Independent DJ,Dutta & Jain,1486.949,N,N,
1610,JR Masterman OS,O'connell & Solomon,1486.944,N,N,
1611,NAVI KP,Koo & Park,1486.943,N,N,
1612,Southlake Carroll HR,Hussain & Reddy,1486.89,N,N,
1613,Titan Independent SS,She & Sun,1486.868,N,N,
1614,Quarry Lane PK,Kim & Patel,1486.799,N,Y,
1615,Magnolia AJ,Ahilan & Julakanti,1486.775,N,N,
1616,Dowling Catholic RK,Kirst & Raymond,1486.73,N,N,
1617,Dalton HS,Hale & Salazar,1486.71,N,N,
1618,Seven Lakes KY,Kapoor & Yassir,1486.693,N,N,
1619,American RP,Pathuri & Raman,1486.574,N,N,
1620,Edgewood CM,Cox & McVicker,1486.547,N,N,
1621,NAVI PH,Hwang & Park,1486.544,N,Y,
1622,Canyon Crest DK,Ding & Kong,1486.465,N,N,
1623,(Frisco) Lebanon Trail KN,Karnati & Nagpal,1486.461,N,N,
1624,Cranbrook AmJo,Ambrose & Johnson,1486.406,N,N,
1625,Harker DW,Ding & Wang,1486.389,N,Y,
1626,Bergen County Academies PC,Choi & Park,1486.354,N,N,
1627,Strake Jesuit  BC,Brooks & Chaffin,1486.34,N,N,
1628,Dulles PB,Biyani & Pati,1486.292,N,N,
1629,EpiHS Yared & Pavlik,Pavlik & Yared,1486.24,N,N,
1630,Palo Alto WA,Aksoy & Wu,1486.24,N,N,
1631,Loyola HK,Han & Kassabian,1486.223,N,N,
1632,Hopkinton MS,Mathur & Samaga,1486.207,N,N,
1633,Marvin Ridge MB,Bhaskar & Mehta,1486.201,N,N,
1634,SA Midtown West OP,Omer & payan,1486.174,N,N,
1635,Dougherty Valley RC,Chatterjee & Ramanna,1486.156,N,N,
1636,Archbishop Mitty JK,Jena & Karuppusami,1486.152,N,N,
1637,Northwood GR,Girish & Reddy,1486.15,N,N,
1638,Milton DJ,Dsilva & Jain,1486.143,N,N,
1639,Bergen KS,Kathawala & Singh,1486.091,N,N,
1640,Syosset HS,Huang & Sahu,1486.06,N,N,
1641,EE NS,Nelatoor & Saraswatula,1486.05,N,N,
1642,Quarry Lane BV,Bademi & Visal,1486.044,N,N,
1643,Northwood SK,Kher & Soni,1486.028,N,N,
1644,Loyola LC,Chan & Liu,1486.025,N,Y,
1645,Great Neck North CC,Chen & Cohen,1486.006,N,N,
1646,Scarsdale AP,Andrade & Peng,1485.998,N,N,
1647,Mission San Jose PD,Doan & Pan,1485.955,N,N,
1648,Fairmont Prep WA,Ahmed & Wan,1485.935,N,N,
1649,McLean ST,Sandhu & Thomas,1485.91,N,N,
1650,Iowa City West AD,Abudagga & Dudeja,1485.909,N,N,
1651,Ransom Everglades TM,Moyle & Thurber,1485.895,N,N,
1652,MSTW Independent DP,Dedhia & Parikh,1485.889,N,N,
1653,West Windsor Plainsboro South SK,Kalra & Sadana,1485.878,N,N,
1654,Mira Loma SA,Ayyagari & Sharma,1485.867,N,N,
1655,Mira Mesa EB,Bishnu & Estipona,1485.853,N,N,
1656,Iowa City West DS,DIng & Schimmel,1485.853,N,N,
1657,McLean KK,Kang & Kim,1485.834,N,Y,
1658,Scarsdale DP,Dragovic & Papazoglu,1485.834,N,N,
1659,Taft KW,Koneri & Wu,1485.832,N,N,
1660,ParCit ZD,DuBois & Ziegler,1485.831,N,N,
1661,Northwood GK,Guddeti & Kamat,1485.827,N,N,
1662,Horace Mann AT,Ayromloo & Tong,1485.822,N,N,
1663,Acton-Boxborough NW,Nambiar & Walia,1485.777,N,N,
1664,Emerald KH,Haile & Khalifa,1485.758,N,N,
1665,West Windsor Plainsboro South TH,Harish & Telang,1485.73,N,N,
1666,Northwood CJ,Chalasani & Jin,1485.724,N,N,
1667,Centennial HS (MD) AW,Ahirrao & Walvekar,1485.713,N,N,
1668,Ardrey Kell GD,Dommety & Ghorpade,1485.708,N,N,
1669,DuPont Manual HS    Youth Performing Arts BY,Balla & Yuvaraj,1485.707,N,N,
1670,Bellarmine  EJ,Ekanth & Jilani,1485.704,N,N,
1671,Fort Collins CZ,Cumbers-Wenzel & Zuniga,1485.698,N,N,
1672,Lynbrook TG,Gao & Tat,1485.684,N,Y,
1673,SA Hudson Yards LT,Lucero & Teller,1485.669,N,N,
1674,Mt.Carmel GS,Ganguly & Senthilkumar,1485.657,N,N,
1675,Keystone BS,Bell & Sana,1485.61,N,N,
1676,Memori Yao & Lu,Lu & Yao,1485.588,N,Y,
1677,Cupertino YL,Liang & Yao,1485.58,N,Y,
1678,La Salle  JM,Jackson & Ma,1485.579,N,N,
1679,Bergen JL,Joshi & Li,1485.557,N,N,
1680,Dougherty Valley ZN,Nunes & Zhang,1485.551,N,N,
1681,Honor PS,Park & Singh,1485.55,N,Y,
1682,St Augustine SM,Moultrie & Stanfill,1485.53,N,N,
1683,Horace Mann ES,Ergin & Scheinfeld,1485.454,N,N,
1684,St Luke's BG,Bui & Grennan,1485.439,N,N,
1685,Los Altos BM,Balan & Malhotra,1485.416,N,N,
1686,McLean LS,Lowe & Studart,1485.414,N,N,
1687,Windward LS,Litt & Shooshani,1485.41,N,N,
1688,Quarry Lane GD,Dambe & Gandi,1485.398,N,N,
1689,DH PS,Pal & Shaik,1485.396,N,N,
1690,(Frisco) Lebanon Trail MD,Dani & Mahadevan,1485.384,N,N,
1691,James Bowie MV,Manders & Verghese,1485.378,N,N,
1692,Edgewood FM,Feagan & McVicker,1485.35,N,N,
1693,Southlake Carroll FM,Farooqi & Mugilan,1485.343,N,N,
1694,Middle HR,Garcia & Roark,1485.338,N,N,
1695,Brother Rice DS,Dashnaw & Schalk,1485.327,N,N,
1696,Lambert SL,Li & Sood,1485.317,N,Y,
1697,Bentonville West WP,Polavarapu & Wang,1485.305,N,N,
1698,Thomas Wootton Independent GG,Gao & Garg,1485.301,N,Y,
1699,Frist Institute CS,Chen & Srivastava,1485.296,N,N,
1700,Mission San Jose CM,Chatterjee & Manadhata,1485.25,N,N,
1701,Potomac RK,Kumaran & Ram,1485.219,N,N,
1702,Apex Friendship KV,Korzeniowski & Verma,1485.212,N,N,
1703,Able2Shine PW,Park & Wang,1485.193,N,Y,
1704,SA Hudson Yards IK,Ibrahim & Kounga,1485.191,N,N,
1705,McDowell NR,Negron & Rastatter,1485.177,N,N,
1706,Arizona  KB,Bagga & Kim,1485.166,N,N,
1707,Bentonville West VP,Patterson & Vernetti,1485.151,N,N,
1708,Winston Churchill CL,Canter & Llanas,1485.146,N,N,
1709,West Windsor Plainsboro South CD,Bedoya & Dharma,1485.136,N,N,
1710,Liangyi Youth Leadership GY,Gu & Ye,1485.132,N,N,
1711,Livingston GM,Govindsamy & Mei,1485.094,N,N,
1712,NSU AR,Ali & Redondo,1485.087,N,N,
1713,Windward GG,Goldberg & Guo,1485.071,N,N,
1714,Bergen YL,Lee & Yuan,1485.067,N,Y,
1715,Hebron KM,Kim & Mehta,1485.031,N,N,
1716,West Broward PD,Duggaraju & Paul,1485.022,N,N,
1717,Cambridge LZ,Lewis & Zhou,1485.015,N,N,
1718,Arizona  AS,Al-Sulaihim & Sankar,1485.014,N,N,
1719,Winston Churchill GT,Galbraith & Tovar,1485.012,N,N,
1720,Miami Palmetto Senior DE,Diebold & Esperanza,1485.009,N,N,
1721,McLean CW,Conrad & Wang,1485.008,N,N,
1722,Del Mar Torrey Independent HX,Hu & Xu,1484.997,N,N,
1723,BASIS Peoria Independent KC,Cho & Korpe,1484.981,N,N,
1724,Peddie DT,Dandona & Tung,1484.976,N,N,
1725,La Salle  JP,Jackson & Petrosyan,1484.975,N,N,
1726,Mountain Brook DW,Doobrow & Williams,1484.969,N,N,
1727,Golden State BZ,Brahmbhatt & Zhao,1484.936,N,N,
1728,San Marino MJ,Jen & Malmstadt,1484.924,N,N,
1729,Golden State LD,Damireddy & Li,1484.919,N,N,
1730,Saratoga SW,Shen & Wang,1484.874,N,N,
1731,Brooks Debate Institute JL,Joshi & Lai,1484.849,N,N,
1732,Townsend Harris MM,Medage & Mendonca,1484.808,N,Y,
1733,College Prep EL,Edmonds & Lin,1484.801,N,N,
1734,Loyola KaCh,Chilukuri & Kassabian,1484.79,N,N,
1735,Hawken PH,Hamilton & Pishchik,1484.785,N,N,
1736,DSST Cedar PS,Pursell & Stenberg,1484.78,N,N,
1737,Harker WL,Li & Wu,1484.767,N,Y,
1738,DSST Cedar AL,Azzi & Ledesma,1484.714,N,N,
1739,James Bowie MS,Mirkin & Shreeve,1484.71,N,N,
1740,Pinecrest CP,Cuthrell & Pae,1484.71,N,N,
1741,Ravenwood MF,Fedorov & Mehendale,1484.707,N,N,
1742,Oakwoo KR,Kreilkamp & Robin,1484.607,N,N,
1743,Ivy AK,Anand & Kotturi,1484.564,N,N,
1744,ModernBrain TW,Talos & Wu,1484.547,N,N,
1745,Westmoore TJ,Jones & Thompson,1484.497,N,N,
1746,University HS Charter MA,Altman & Morales,1484.488,N,N,
1747,Hawken HW,Hu & Williams,1484.479,N,N,
1748,Lexington MZ,Marri & Zhang,1484.356,N,N,
1749,Emerald VC,Chaturvedi & Vashist,1484.311,N,N,
1750,Edina MW,Meredith & Wu,1484.301,N,N,
1751,Archbishop Mitty YV,Venkatraman & Yang,1484.296,N,N,
1752,Chapin NK,Kahn & Nussbaum,1484.275,N,N,
1753,Plano East PG,Gonchigar & Patel,1484.245,N,N,
1754,Saratoga SP,Pradhan & Sethuraman,1484.186,N,N,
1755,Loyola TW,Turse & Wong,1484.173,N,N,
1756,Windward SA,Adelson & Schorr,1484.148,N,N,
1757,Harker AL,Anandikar & Li,1484.139,N,N,
1758,College Prep BP,Boykin & Pak,1484.139,N,N,
1759,Taft WP,Perlin & Williams,1484.126,N,N,
1760,Vista Del Lago SS,Simon & Srivallaba,1484.12,N,N,
1761,Pacific Blue Prep FW,Fan & Wang,1484.021,N,Y,
1762,Fairmont Prep CT,Cho & Tan,1484.021,N,N,
1763,Lake Travis HE,Ellis & Hobbs,1484.02,N,N,
1764,Brooklyn Technical SB,Banner & Sauer,1483.96,N,N,
1765,West Windsor Plainsboro South RK,Kandukuri & Rai,1483.949,N,N,
1766,Stockdale MT,Moe & Trang,1483.813,N,N,
1767,Apex Friendship LB,Balasubramanian & Ly,1483.799,N,N,
1768,Granite Bay SS,Sandhu & Singh,1483.628,N,N,
1769,Skylin WY,Wu & Ying,1483.563,N,N,
1770,James Bowie BC,Bhattacharya & Chavez,1483.529,N,N,
1771,Cary Acad MH,Hong & McSwain,1483.527,N,N,
1772,Northeast Atlantic Independent SO,Oliveira & Shraytah,1483.522,N,Y,
1773,Horace Mann PS,Pande & Subramanian,1483.486,N,Y,
1774,Bellai Chen & Lavi,Chen & Lavi,1483.421,N,N,
1775,Medina Senior CG,Campbell & Gallagher,1483.263,N,N,
1776,Columbia Secondary COMPASS KM,Kairolda & Malia,1483.119,N,N,
1777,Round Rock ST,Siddhaiyan & Thakar,1483.008,N,N,
1778,Unionville CP,Childs & Patel,1482.96,N,N,
1779,Lambert DL,Du & Lin,1482.898,N,N,
1780,Thomas Jefferson HSST ZU,Umapathi & Zhouyin,1482.837,N,N,
1781,Lynbrook XX,Xiong & Xu,1482.829,N,N,
1782,Vista Del Lago BS,Bondu & Shah,1482.744,N,N,
1783,Mountain Brook DN,Doobrow & Noel,1482.7,N,N,
1784,Westview IL,Indlamuri & Liu,1482.689,N,N,
1785,Nueva CH,Chen & Hui,1482.293,N,N,
1786,LC Padden & Noes,Noes & Padden,1482.252,N,N,
1787,Lambert AC,Agarwal & Chatterjee,1482.224,N,N,
1788,EA KM,Kim & Misro,1482.032,N,N,
1789,West Windsor Plainsboro South TK,Kamath & Tripathi,1481.991,N,N,
1790,SevLak Mehta & Zhang,Mehta & Zhang,1481.985,N,N,
1791,Harker DB,Bao & Du,1481.938,N,N,
1792,West Windsor Plainsboro South TG,Gupta & Tripathi,1481.925,N,Y,
1793,Madison West GS,Gresch & Sydnor,1481.917,N,N,
1794,MSTW Independent DM,Dutta & Mahajan,1481.784,N,N,
1795,Canyon Crest NG,Goel & Najafian,1481.686,N,N,
1796,Lexington MV,Mishchenko & Vadlamani,1481.431,N,N,
1797,CR North LJ,Jain & Luce,1481.412,N,N,
1798,Portsmouth RC,Cummins & Rajavel,1481.338,N,N,
1799,Central AP,Adjepong & Pirok,1481.287,N,N,
1800,Palo Alto YC,Chun & Yang,1481.243,N,N,
1801,Lake Travis KM,Klopp & Mir,1481.207,N,N,
1802,Berkeley Carroll HM,Hirsch & Moody,1481.148,N,N,
1803,SA Bronx AB,Akowuah & Boamah,1481.118,N,N,
1804,Horace Mann AG,Au & Gupta,1481.028,N,N,
1805,Randolph BY,Brunton & Yoga,1480.977,N,N,
1806,Hamilton KZ,Kalmadi & Zhao,1480.919,N,N,
1807,Independent Hamilton MZ,Midhe & Zhao,1480.87,N,N,
1808,Bellai Hurtado & Rahman,Hurtado & Rahman,1480.842,N,N,
1809,Bergen GH,Gupta & Huh,1480.763,N,N,
1810,Cranbrook YQ,Qian & Yang,1480.726,N,N,
1811,Germantown Friends QK,Kennedy & Quiroz,1480.627,N,N,
1812,Summit LK,Karotki & Levington,1480.539,N,N,
1813,Thomas Jefferson HSST DK,Davison & Kao,1480.413,N,N,
1814,Weston KS,Kim & Szeto,1480.397,N,N,
1815,Lake Mary PR,Piacenti & Robbins,1480.243,N,N,
1816,NAVI NL,Lin & Nam,1480.221,N,N,
1817,Cary Acad BM,Bolt & McSwain,1480.173,N,N,
1818,Flintridge Prep ZW,Wong & Zhang,1480.17,N,N,
1819,Scarsdale DH,Dragovic & Hosman,1480.143,N,N,
1820,Montville AB,Arora & Barve,1480.118,N,N,
1821,Moorhead SK,Kellen & Stuber,1480.091,N,N,
1822,Sequoyah KT,Koster & Tillero,1480.038,N,N,
1823,Menlo FY,Fan & Yuan,1479.93,N,Y,
1824,Episcopal HS - Houston Bellaire LW,Livermore & Ward,1479.93,N,N,
1825,Quarry Lane GD,Dambe & Giri,1479.908,N,N,
1826,Eagan IV,Iyer & Victor,1479.881,N,N,
1827,Success Academy HSLA-MANHATTAN AI,Almanzar & Innes,1479.853,N,N,
1828,Holton Arms ZK,Kurbanova & Zhu,1479.83,N,N,
1829,Delbarton DW,Dufner & White,1479.439,N,N,
1830,Olympic Heights HK,Hodson & Knight,1479.383,N,N,
1831,Ardrey Kell BM,Bheemineni & Maddi,1479.365,N,N,
1832,Mountain Brook PW,Pringle & Williams,1479.352,N,N,
1833,Vanguard Independent GS,Gondi & Sapkal,1479.274,N,N,
1834,Strake Johnson & Johnson,Johnson & Johnson,1479.127,N,N,
1835,Mission San Jose PS,Parikh & Sharma,1479.092,N,N,
1836,Stuyvesant SM,Massim & Silakov,1479.045,N,N,
1837,Mountain View LR,Liu & Rajput,1479.012,N,N,
1838,Adlai E. Stevenson RM,Mehta & Raitani,1478.944,N,N,
1839,Germantown Friends CJ,Chen & Jun,1478.912,N,N,
1840,Foothill Independent BH,Bhogisetty & Hyun,1478.905,N,N,
1841,Dougherty Valley DR,Dravid & Ramanna,1478.873,N,N,
1842,Success Academy HSLA-MANHATTAN AR,Aniagyei & Rahim,1478.837,N,N,
1843,Lexington BD,Biswas & Do,1478.81,N,N,
1844,Eagan KR,Khan & Rubin,1478.8,N,N,
1845,Georgetown Prep HE,Elliott & Halm,1478.717,N,N,
1846,West Windsor Plainsboro South WN,Nurullayeva & Waikul,1478.714,N,N,
1847,Palo Alto LL,Lee & Liao,1478.693,N,N,
1848,Strake Jesuit  WB,Bhardwaj & Wang,1478.681,N,N,
1849,Westmont ST,Sattanathan & Templeton,1478.622,N,N,
1850,New York State Independent SC,Chan & Sawhney,1478.596,N,N,
1851,Hamilton BM,Bhaskarpandit & Midhe,1478.585,N,N,
1852,Joaquin Miller Independent QN,Nicholson & Qi,1478.583,N,N,
1853,University HS Charter BC,Blake & Carrillo,1478.582,N,N,
1854,Emerald RW,Ramalingam & Wankhede,1478.486,N,Y,
1855,College Prep BZ,Boscardin & Zedlewski,1478.43,N,N,
1856,Johnston BS,Bethanapalli & Shi,1478.398,N,N,
1857,Wake Prep BC,Bell & craven,1478.375,N,N,
1858,Los Altos BL,Balan & Lee,1478.375,N,N,
1859,Kinkaid CP,Chery & papadopoulos,1478.353,N,N,
1860,Long Branch SH,Hills & Santos,1478.265,N,N,
1861,Awty International SS,Sami & Sarva,1478.22,N,N,
1862,Marvin Ridge GW,Gunderson & Wilson,1478.218,N,N,
1863,Marist BF,Baldwin & Findley,1478.18,N,N,
1864,Cranbrook CW,Chan & Wang,1478.139,N,Y,
1865,Monte Vista IY,Indukuri & Yao,1478.092,N,N,
1866,San Marino KY,Kim & Yao,1478.083,N,Y,
1867,James Madison RK,Kamath & Reznikov,1478.061,N,N,
1868,Miramonte YK,Kim & Yap,1478.035,N,N,
1869,Mira Mesa PN,Nguyen & Phung,1478.009,N,N,
1870,BASIS Peoria ChNa,Cho & Naik,1477.868,N,N,
1871,Mira Mesa WB,Brite & Wubbels,1477.795,N,N,
1872,Cranbr NZ,Nguyen & Zhang,1477.773,N,Y,
1873,Winchester AS,Albers & S,1477.59,N,N,
1874,Fairmont Prep GS,Ghaeli & Sadeghi,1477.587,N,N,
1875,Canyon Crest HY,Hudson & Yi,1477.572,N,N,
1876,Hudson MS,Marangoni & Sandona,1477.571,N,N,
1877,Horace Mann PW,Pande & Wang,1477.509,N,Y,
1878,Sidwell JS,Jain & Schropfer,1477.505,N,N,
1879,Magnolia JH,Huynh & Julakanti,1477.497,N,N,
1880,Ravenwood MN,Mohamed & Narayanan,1477.481,N,N,
1881,Lodi BM,Butler & Mendez,1477.435,N,N,
1882,Eden Prairie NP,Narayanan & Pancholi,1477.399,N,N,
1883,Palo Alto LW,Leung & Wong,1477.339,N,N,
1884,Delbarton AH,Amin & Hosler,1477.337,N,N,
1885,Saratoga NB,Burgmeier & Narayan,1477.334,N,N,
1886,SA Midtown West SH,Huang & Sofi,1477.273,N,N,
1887,American KJ,Joseph & Kothakota,1477.233,N,N,
1888,Bellarmine  GR,Gokul & Ren,1477.158,N,N,
1889,Arlington BR,Burke & Richmond,1477.077,N,N,
1890,Fort Atkinson GS,Guerra & Szabo,1476.967,N,N,
1891,Durham Scarlett Gao & Mateo Estigarribia,Estigarribia & Gao,1476.781,N,N,
1892,Park City KG,Gladson & Kuck,1476.756,N,N,
1893,Georgetown Prep VP,Pierson & Villegas,1476.748,N,N,
1894,Olympia WS,Senatus & Williams,1476.713,N,N,
1895,Fremont BK,Bidarkar & Kopel,1476.66,N,N,
1896,Walt Whitman KK,Katipalli & Kumbar,1476.571,N,N,
1897,DC ZL,Lee & Zhang,1476.554,N,Y,
1898,Dougherty Valley CP,Choi & Prashanth,1476.492,N,N,
1899,American Heritage Palm Beach FS,Feldman & Shuter,1476.409,N,N,
1900,Emerald CB,Bansal & Chaturvedi,1476.29,N,N,
1901,Livingston KJ,Jhaveri & Ko,1476.228,N,N,
1902,Midwood FK,Fitenko & Khidirova,1476.198,N,N,
1903,Park City MZ,McCarthy & Ziegler,1476.115,N,N,
1904,Eden Prairie ZK,Kurudumale & Zhou,1476.083,N,N,
1905,Lexington RB,Belkhodja & Ramnathan,1476.047,N,N,
1906,Lake Mary KC,Calla & Kuruvilla,1476.02,N,N,
1907,Dripping Springs GH,Hernandez & Rios,1475.998,N,N,
1908,Newton South CK,Ciric & Kaur,1475.939,N,N,
1909,Arlington ZR,Ryu & Zhou,1475.933,N,N,
1910,Pembroke Pines Charter PC,Crossman & Petkov,1475.859,N,N,
1911,Horace Mann MP,Mandelli-Valla & Park,1475.858,N,N,
1912,Strake Jesuit  BM,Brooks & Moore,1475.816,N,N,
1913,Roslyn KZ,Khanzadeh & Zarin,1475.803,N,N,
1914,Cranbrook GA,Awad & Gan,1475.748,N,N,
1915,BASIS Phoenix EA,Anand & Erramilli,1475.711,N,N,
1916,Hewitt AB,Allen & Berman,1475.629,N,N,
1917,Nueva YY,Yang & Yi,1475.581,N,N,
1918,Newton South RA,Almedhychy & Rafat,1475.56,N,N,
1919,Able2Shine JH,Han & Jiang,1475.544,N,N,
1920,Lincoln-Sudbury YS,Sharma & Young,1475.495,N,N,
1921,North Allegheny LB,Birnbaum & Liu,1475.482,N,N,
1922,Byram Hills CZ,Cai & Zodda,1475.475,N,N,
1923,Nueva AA,Angspatt & Arkin,1475.438,N,N,
1924,George Washington SC,Chenard & Sheehan,1475.384,N,N,
1925,San Marino CC,Chow & Chwang,1475.347,N,N,
1926,Germantown Friends AD,Alisa & Ding,1475.33,N,N,
1927,Carrollton LN,Long & Neill,1475.303,N,N,
1928,Palm Harbor TS,Sherrell & Taylor,1475.23,N,N,
1929,American Heritage Palm Beach AM,Arpaia & Moore,1475.118,N,N,
1930,Stoneman Douglas VK,Kalam & Ventura,1475.056,N,N,
1931,Olympic Heights LH,Hodson & Levy,1475.024,N,N,
1932,Hunter TS,Schonfeld & Tsung,1474.994,N,N,
1933,Golden State WP,Parhar & Wei,1474.99,N,N,
1934,Desert Vista PH,Hankins & Pack,1474.956,N,N,
1935,Lawrenceville AL,Agarwal & Lee,1474.937,N,Y,
1936,McLean WS,Sheng & Wibowo,1474.887,N,N,
1937,Marist PM,Mastella & Powell,1474.861,N,N,
1938,Independent Hamilton BG,Bhaskarpandit & Grewal,1474.86,N,N,
1939,Winchester BY,Berstein & Yang,1474.84,N,N,
1940,Creekside RL,Lolla & Rajagopal,1474.817,N,N,
1941,Valor Christian CK,Conway & Kavo,1474.8,N,N,
1942,Townsend Harris LR,Lianos & Roth,1474.76,N,N,
1943,Sequoyah DR,Daigle & Range,1474.732,N,N,
1944,Eagan BK,Brass & Koudelka,1474.668,N,N,
1945,Wheatley GM,Ginu & Mahajan,1474.65,N,N,
1946,New Horizons D.N LC,Capellan & Lugo,1474.639,N,N,
1947,Cranbrook HC,Chan & Huang,1474.617,N,Y,
1948,Tompkins PM,Mody & Patel,1474.503,N,N,
1949,Lincoln East NS,Ng & Suh,1474.491,N,N,
1950,George Washington SS,Sheehan & Stout,1474.419,N,N,
1951,Quarry Lane EZ,Elmashni & Zhang,1474.319,N,N,
1952,Thomas Jefferson HSST LH,Hallisey & Lam,1474.298,N,N,
1953,Nova LA,Asif & Lewis,1474.267,N,N,
1954,Bronx Science CS,Chen & Sooriyakumar,1474.189,N,N,
1955,Langley CK,Conners & Kosandal,1474.165,N,N,
1956,Hunter WuTs,Tsung & Wu,1474.153,N,N,
1957,Medina Senior NS,Nolan & Shimko,1474.152,N,N,
1958,Westlake DT,Dobhal & Thomas,1474.066,N,N,
1959,Cranbrook EK,Ezhil & Kiraly,1474.034,N,N,
1960,Bellaire KZ,Khadse & Zhao,1474.011,N,N,
1961,Edina MH,Hoye & Menning,1473.978,N,N,
1962,Trinity LC,Chen & Li,1473.915,N,Y,
1963,Eagan KM,Koudelka & Mungara,1473.91,N,N,
1964,Cranbrook DJ,Dong & Johnson,1473.895,N,N,
1965,Niskayuna SG,Gridley & Sung,1473.88,N,N,
1966,Cranbrook KZ,Kim & Zhang,1473.845,N,Y,
1967,Masters JR,Jansky & Rolston,1473.844,N,N,
1968,Taipei American KT,King & Tsai,1473.837,N,N,
1969,Dougherty Valley SI,Iyer & Santorsiero,1473.787,N,Y,
1970,Chapin ST,Spence & Trinh,1473.71,N,N,
1971,Quarry Lane MN,Mittal & Nirmal,1473.708,N,N,
1972,Lakeville North LD,Deepak & Lakkoju,1473.695,N,N,
1973,Duchesne Academy of the Sacred Heart BC,Bulk & Cantu,1473.689,N,N,
1974,Quarry Lane LM,Li & Mathur,1473.674,N,N,
1975,Mountain House PA,Anneda & Panchaneni,1473.664,N,N,
1976,Stockdale DW,Deleon & Woodman,1473.654,N,N,
1977,American Heritage Broward AC,Alvarez & Cheng,1473.624,N,N,
1978,Los Osos KU,Kim & U,1473.577,N,N,
1979,Westborough MP,More & Pargaonkar,1473.478,N,N,
1980,Fordham Prep JG,Giuseppi & Jasik,1473.45,N,N,
1981,Des Moines Christian DH,Hein & Santos,1473.412,N,N,
1982,Amador Valley Independent GJ,Gao & Jeon,1473.409,N,N,
1983,Edgewood BB,Bruce & Bruce,1473.379,N,N,
1984,Rowland Hall OL,Lasater & Orgain,1473.371,N,N,
1985,American Heritage Palm Beach DR,Dahabra & Rohit,1473.366,N,N,
1986,Lincoln-Sudbury PK,Karmacharya & Patel,1473.261,N,N,
1987,Arizona  NG,Gandhi & Naqvi,1473.196,N,N,
1988,BASIS Scottsdale DC,Chen & Das,1473.166,N,N,
1989,Princeton MS,Mogha & Srivastava,1473.163,N,N,
1990,Chapin PY,Panzures & Yi,1473.131,N,N,
1991,Dougherty Valley AS,Alurkar & Santorsiero,1473.119,N,Y,
1992,Glen Rock CF,Ceres & Feng,1473.111,N,N,
1993,Byram Hills GC,Contreras & Gish,1473.109,N,N,
1994,Winchester CH,Chong & He,1473.043,N,N,
1995,Mountain Brook ZW,Williams & Zajac,1472.97,N,N,
1996,Nueva SC,Cedar & Shah,1472.931,N,N,
1997,McLean SZ,Sandhu & Zhao,1472.929,N,N,
1998,Lexington ZK,Kasi & Zhao,1472.927,N,N,
1999,Rowland Hall AZ,Asad & Zhang,1472.911,N,N,
2000,Milpitas YN,Nguyen & Yadav,1472.781,N,N,
2001,American Heritage Broward BT,Belkhair & Thobani,1472.691,N,N,
2002,Altamont LV,Lanier & Vedre,1472.667,N,N,
2003,Lake Mary RD,Druzen & Roberts,1472.615,N,N,
2004,George Washington BS,Burness & Stout,1472.569,N,N,
2005,Lexington BeBo,Bende & Botla,1472.55,N,N,
2006,Fairmont Prep SS,Seth & Sodhi,1472.408,N,N,
2007,American Heritage Broward NM,Mishiev & Narasimhan,1472.357,N,N,
2008,Schreiber DL,Drozdowicz & Lefkowitz,1472.356,N,N,
2009,Durham GK,Gao & Knowles,1472.339,N,N,
2010,JR Masterman GG,Gada & Golzari-Hunt,1472.286,N,N,
2011,Charter School of Wilmington CW,Choubey & Wolverton,1472.246,N,N,
2012,Monte Vista EP,Eesh & Pant,1472.08,N,N,
2013,Byram Hills CW,Chowallur & Weil,1472.046,N,N,
2014,Harker Tomà Georgiev & Morgan Harms,Georgiev & Harms,1472.028,N,N,
2015,American Heritage Broward NA,Agarwal & Nair,1471.949,N,N,
2016,Adlai E. Stevenson SB,Bhat & Sharma,1471.948,N,N,
2017,Delbarton HS,Hosler & Sardar,1471.889,N,N,
2018,Cypress Woods KA,Artham & Konduru,1471.887,N,N,
2019,Brooklyn Technical HT,Hetnarine & Taormina,1471.873,N,N,
2020,New Horizons D.N LP,Lockward & Perdomo,1471.706,N,N,
2021,Duck NS,Nemilikonda & Singh,1471.667,N,N,
2022,Valley Christian CJ,Chen & Jadhav,1471.649,N,N,
2023,NSU MS,Malka & Szapiro,1471.578,N,N,
2024,Able2Shine BZ,Ballon & Zhang,1471.578,N,N,
2025,ModernBrain SS,Shen & Song,1471.575,N,N,
2026,Bentonville West MP,Mustafa & Panigrahi,1471.555,N,N,
2027,St Ignatius  CR,Cadiz & Rodriguez,1471.542,N,N,
2028,Loyola WL,Lally & Wong,1471.485,N,N,
2029,Quarry Lane VM,Mathur & Visal,1471.412,N,N,
2030,Leland HK,Hao & Koganty,1471.395,N,N,
2031,American Heritage Palm Beach PZ,Pasupuleti & Zhen,1471.395,N,N,
2032,Olympia CT,Cumberbatch & Thibault,1471.36,N,N,
2033,Keyspeak LX,Li & Xing,1471.292,N,N,
2034,Hunter DW,Du & Wang,1471.269,N,N,
2035,Columbia Secondary COMPASS DS,David & Sangare,1471.268,N,N,
2036,Maret FH,Flaherty & Hardy,1471.258,N,N,
2037,Ravenwood RR,Raj & Ravilla,1471.249,N,N,
2038,Fairmont Prep TA,Allana & To,1471.216,N,N,
2039,Westlake ZS,Swamy & Zhou,1471.18,N,N,
2040,Campbell Hall FL,Fierro & Livingston,1471.18,N,N,
2041,JR Masterman OO,O'connell & O'connell,1471.154,N,N,
2042,Stephen F Austin KT,Kos & Thakur,1471.154,N,N,
2043,Hastings SR,Reyes & Schroeder,1471.134,N,N,
2044,Quarry Lane AD,Anantharaman & Dhoat,1471.06,N,N,
2045,West Windsor Plainsboro South RN,Nerkar & Rangaraju,1471.057,N,N,
2046,Honor JZ,Jeong & Ziniewicz,1471.039,N,N,
2047,Buchholz BN,Brandes & Nguyen,1471.025,N,N,
2048,Benjamin PJ,Jean-Baptiste & Spinola,1470.963,N,N,
2049,Rancho Bernardo VB,Brizard & Vulovic,1470.96,N,N,
2050,James Logan LS,Lukose & Shah,1470.958,N,N,
2051,Horizon PL,Louis & Patrick,1470.945,N,N,
2052,Round Rock RP,Plant & Rajkumar,1470.889,N,N,
2053,Lincoln AI,Altamirano & Inene,1470.876,N,N,
2054,Oxbridge BM,Bruneau & Martindale,1470.875,N,N,
2055,Nueva YA,Arkin & Yi,1470.863,N,N,
2056,American JS,Jindal & Sinu,1470.849,N,N,
2057,West Windsor Plainsboro South GK,Gupta & Kamath,1470.821,N,N,
2058,St John's SL,Lalani & Sultan,1470.779,N,N,
2059,Mountain Brook WN,Noel & Williams,1470.777,N,N,
2060,Quarry Lane SA,Agrawal & Sharma,1470.724,N,N,
2061,Interlake XL,Li & Xu,1470.719,N,Y,
2062,Gabrielino PP,Phung & Phung,1470.719,N,N,
2063,Mission San Jose BM,Bhattiprolu & Mandala,1470.706,N,N,
2064,BK Lyndall & Shein,Lyndall & Shein,1470.649,N,N,
2065,Walt Whitman SR,Rucaj & Shailesh,1470.646,N,N,
2066,Foothill Independent ZL,Lu & Zhu,1470.643,N,N,
2067,Isidore Newman WP,Plymale & Wentz,1470.64,N,N,
2068,San Angelo Central SP,Pina & Story,1470.639,N,N,
2069,Taipei American HL,Han & Lee,1470.616,N,N,
2070,Isidore Newman DB,Breaux & Drew,1470.595,N,N,
2071,Cranbrook WT,Tang & Wu,1470.564,N,Y,
2072,Brooklyn Technical PZ,Persad & Zhang,1470.559,N,N,
2073,Iowa City West SM,Mims & Salisu,1470.505,N,N,
2074,St Mary's Dominican JR,Johnston & Ricca,1470.464,N,N,
2075,Germantown Friends DL,Ding & Liu,1470.458,N,Y,
2076,Edina MM,Ma & Mehta,1470.416,N,N,
2077,Harker GS,Gupta & Sharma,1470.403,N,N,
2078,West Windsor Plainsboro South NJ,Jayamohan & Nerkar,1470.351,N,N,
2079,Taipei American PT,Park & Tsai,1470.35,N,Y,
2080,Miramonte PL,Lee & Peng,1470.276,N,N,
2081,Ardrey Kell SG,Gulkanat & Saha,1470.194,N,N,
2082,New Horizons D.N GP,Garcia & Pena,1470.191,N,N,
2083,Cupertino KR,Kedlaya & Rao,1470.19,N,N,
2084,Lakeville North MD,Deepak & Menon,1470.184,N,N,
2085,Masters PD,Danahy-Levine & Panos,1470.118,N,N,
2086,Flintridge Sacred Heart CM,Chase & Mkrtchian,1470.098,N,N,
2087,West Windsor Plainsboro South DG,Dharma & Goswami,1470.069,N,N,
2088,St John's AS,Arnold & Sanchez,1470.061,N,N,
2089,West Windsor Plainsboro South GD,Dharma & Gupta,1470.007,N,N,
2090,Able2Shine NZ,Nguyen & Zhou,1470.001,N,Y,
2091,Marist ST,Scherrer & Thakur,1469.994,N,N,
2092,Granite Bay SD,Dhillon & Siddique,1469.952,N,N,
2093,ModernBrain ZH,Zhou & hu,1469.949,N,N,
2094,GulPre HS,Hug & Schwartz,1469.945,N,N,
2095,Palm Harbor CK,Chen & Keleny,1469.916,N,N,
2096,Nueva MW,McLaughlin & WOJIN,1469.908,N,N,
2097,Pingry CH,Chadha & Hao,1469.867,N,N,
2098,Quarry Lane GL,Giri & Lanka,1469.823,N,N,
2099,Cranbrook SD,Dong & Seo,1469.801,N,N,
2100,Edina AG,Allocco & Gotte,1469.792,N,N,
2101,Brooklyn Technical BJ,Banik & Jones,1469.746,N,N,
2102,Mission San Jose SV,Sood & Vashisht,1469.724,N,N,
2103,Columbia Secondary COMPASS AD,Authers & Doumbouya,1469.671,N,N,
2104,Quarry Lane GN,Gupta & Nandan,1469.65,N,N,
2105,Browning SH,Hecker & Syed,1469.634,N,N,
2106,Los Altos LA,Avidan & Liu,1469.627,N,N,
2107,Cypress Woods SG,Goldsmith & Sharma,1469.615,N,N,
2108,Horace Mann CY,Chang & Yao,1469.587,N,Y,
2109,ModernBrain WM,Wayne & mu,1469.548,N,N,
2110,Paradise Valley GK,Ganapathy & Karanam,1469.546,N,N,
2111,Nova 42 YS,Sundaravadivelan & Yaokasin,1469.511,N,N,
2112,Regis LK,Kingston & Levens,1469.507,N,N,
2113,Lake Mary KA,Ahmar & Kuruvilla,1469.491,N,N,
2114,Spence SD,Das & Sun,1469.454,N,N,
2115,Mission San Jose BD,Bhatt & Devineni,1469.402,N,N,
2116,Overlake ZB,Bheemarasetty & Zhou,1469.356,N,N,
2117,Taipei American LL,Lee & Lee,1469.346,N,Y,
2118,Loyola KR,Kwon & Raofi,1469.244,N,N,
2119,New Orleans Charter Science And Math SW,Schreiber & Warren,1469.196,N,N,
2120,West Des Moines Valley PB,Battani & Peterson,1469.186,N,N,
2121,James Logan AJ,Advani & Juvekar,1469.159,N,N,
2122,Marist BD,Baldwin & Devassy,1469.12,N,N,
2123,Cary Acad FP,Fasil & Patel,1468.982,N,N,
2124,Bridgewater Raritan BS,Bande & Sukhtankar,1468.977,N,N,
2125,Half Hollow Hills HS East WS,Sachdev & Wasim,1468.975,N,N,
2126,Byram Hills VT,Anden & Tardieu,1468.946,N,N,
2127,Kent Denver DG,Dougherty & Gibson,1468.937,N,N,
2128,Canyon Crest PS,Pham & Sethee,1468.924,N,N,
2129,Windward FG,Fischler & Gray,1468.912,N,N,
2130,East Ridge GM,Gan & Mahajan,1468.911,N,N,
2131,NSU BE,Benaim & Edery,1468.893,N,N,
2132,Honor CL,Chung & Lee,1468.831,N,Y,
2133,Head-Royce WR,Reddy & Weiss,1468.756,N,N,
2134,Bishop Gorman JM,Jolly & Manuel,1468.632,N,N,
2135,Layton SN,Newman & Servoss,1468.591,N,N,
2136,West Windsor Plainsboro South SH,Harish & Saini,1468.561,N,N,
2137,Cabot CC,Chambers & Culpepper,1468.557,N,N,
2138,Lexington SS,Sawant & Shen,1468.308,N,N,
2139,Friends School of Baltimore KS,Kirk & Shields,1468.153,N,N,
2140,Potomac RR,Ram & Ramadoss,1467.992,N,N,
2141,Nova 42 FY,Fern & Yaokasin,1467.978,N,N,
2142,Cranbrook LK,Kumbar & Lee,1467.969,N,N,
2143,BASIS Scottsdale SG,Guo & Srivatsa,1467.959,N,N,
2144,American VR,Rao & Viswanath,1467.87,N,N,
2145,Potomac KY,Kohli & Yoon,1467.846,N,N,
2146,Adlai E. Stevenson RS,Ramaswamy & Sharma,1467.591,N,N,
2147,Cardinal Spellman DD,Davis & DeJesus,1467.566,N,N,
2148,Taipei American YC,Chen & Yang,1467.539,N,N,
2149,Mission San Jose PW,Parasumanna & Waria,1467.518,N,N,
2150,Bronx Science HZ,Hur & Zhou,1467.367,N,N,
2151,Lakeville North SM,Mummidivarapu & Sreekumar,1467.241,N,N,
2152,BASIS Silicon Valley LM,Liu & Mu,1467.098,N,N,
2153,Oxbridge SB,Bruneau & Sosin,1467.089,N,N,
2154,New Horizons CP,Carmona & Pena,1466.774,N,N,
2155,Math and Science DC,Chunduri & Daniel,1466.749,N,N,
2156,BASIS Peoria SP,Peddireddi & Sumesh,1466.628,N,N,
2157,Loyola HP,Hone & Pruitt,1466.617,N,N,
2158,West Windsor Plainsboro South KS,Kandukuri & Srinivasan,1466.606,N,N,
2159,Olathe North JK,Jin & Karou,1466.549,N,N,
2160,Lexington MK,Kuchibhotla & Meka,1466.488,N,N,
2161,Fairmont Prep LiSa,Li & Sasspal,1466.31,N,N,
2162,Math and Science TG,Gu & Thiegs,1466.271,N,N,
2163,Magnolia XN,Nguyen & Xu,1466.25,N,Y,
2164,St Paul Academy and Summit GC,Chen & Gao,1466.232,N,Y,
2165,Regis CO,Charest & O'Sullivan,1466.053,N,N,
2166,Quarry Lane KP,Karthi & Parker,1466.01,N,N,
2167,Denver East WN,Newman & Williams,1465.998,N,N,
2168,Cranbrook KE,Ezhil & Kumbar,1465.875,N,N,
2169,Penn SW,Singleton & Wolter,1465.797,N,N,
2170,Brooks Debate Institute RS,Rawlani & Shah,1465.756,N,N,
2171,Townsend Harris MS,Medage & Sharma,1465.734,N,N,
2172,James Logan NM,Mendoza & Nguyen,1465.677,N,N,
2173,McLean VS,Sandhu & Vazquez,1465.607,N,N,
2174,Cherokee Trail TW,Tjie & Wyszinski,1465.528,N,N,
2175,NAVI KS,Kim & Shim,1465.479,N,Y,
2176,Cranbrook Scott Wu & Edward Chang,Chang & Wu,1465.44,N,Y,
2177,Potomac NN,Nam & Noda,1465.306,N,N,
2178,Brearley CS,Carlson & Schwartz,1465.072,N,Y,
2179,Acclive LZ,Lin & Zhang,1465.009,N,Y,
2180,Durham ÅS,Swaminathan & Åevik,1464.933,N,N,
2181,Harker SM,Moodalbail & Sanghvi,1464.932,N,N,
2182,Strake Jesuit  KB,Bhardwaj & Keswani,1464.875,N,N,
2183,Adlai E. Stevenson RB,Bhat & Raitani,1464.814,N,N,
2184,Northwood OG,Godse & Obando,1464.581,N,N,
2185,Cypress Woods KD,Desai & Krancher,1464.517,N,N,
2186,Cranbrook ZF,Feng & Zhou,1464.442,N,N,
2187,Phoenix Independent MS,Mohan & Shin,1464.435,N,N,
2188,Acton-Boxborough LR,Leo & Rao,1464.264,N,N,
2189,Cranbrook NA,Ali & Newman,1464.219,N,N,
2190,George Washington SY,Sheehan & Yaakobi,1464.052,N,N,
2191,Cranbrook DC,Chen & Du,1463.978,N,N,
2192,Oakwoo GK,Garcia & Khosla,1463.961,N,N,
2193,La Salle  PC,Carr & Panay,1463.9,N,N,
2194,Hunter UY,Urena-Bernabel & Yeh,1463.766,N,Y,
2195,CamHal VW,Venison & Walker,1463.741,N,N,
2196,American Heritage Broward KP,Kelegama & Pineda,1463.732,N,N,
2197,Omega MJ,Jiang & Malia,1463.668,N,N,
2198,Stratford Prep JV,Jhawar & Venthan,1463.534,N,N,
2199,Hawken WZ,Williams & Zhou,1463.466,N,N,
2200,Nueva AH,Arkin & Hui,1463.385,N,N,
2201,Apex Friendship AM,Airan & Manikandan,1463.384,N,N,
2202,Niskayuna SB,Bao & Sung,1463.334,N,N,
2203,NSU DS,Dell & Szapiro,1463.323,N,N,
2204,Bronx Science BE,Benabdennour & Elshaar,1463.261,N,N,
2205,Valley Christian ZW,Wu & Zhu,1463.212,N,N,
2206,Oakwoo FL,Fox-Clifford & Lee,1463.127,N,N,
2207,Brooks Debate Institute AP,Agarwal & Parasumanna,1463.079,N,N,
2208,Apex Friendship BR,Bonthu & Rath,1462.929,N,N,
2209,Gabrielino MZ,Mai & Zhen,1462.922,N,N,
2210,GulPre BL,Bailey & Landi,1462.896,N,N,
2211,Independence TN,Nguyen & Tong,1462.892,N,N,
2212,Valley Christian HX,Handy & Xiong,1462.888,N,N,
2213,Amador Valley Independent JJ,Jain & Jawahar,1462.845,N,N,
2214,Cranbrook DY,DiPiero & You,1462.787,N,N,
2215,James Bowie BL,Diaz & Lamm,1462.751,N,N,
2216,Gulliver Prep HA,Ahluwalia & Hug,1462.736,N,N,
2217,Apex Friendship NA,Athota & Neupane,1462.684,N,N,
2218,Emerald PV,Parepalli & Vashist,1462.455,N,N,
2219,Oakwoo GS,Gonzalez & Stern,1462.316,N,N,
2220,Palo Alto AW,Ali & Woo,1462.215,N,N,
2221,Cranbrook SK,Kapadia & Swami,1462.098,N,N,
2222,Bronx Science LP,Leem & Pasman,1461.88,N,N,
2223,Cypress Ranch VV,Verma & Vutukuru,1461.793,N,N,
2224,Dougherty Valley PL,Liu & Paluru,1461.68,N,N,
2225,Sharon SH,He & Sreeram,1461.638,N,Y,
2226,East Ridge MN,Mahajan & Namgung,1461.461,N,N,
2227,Strake Jesuit  CC,Chen & Choi,1460.823,N,N,
2228,Montville ZC,Chen & Zhang,1460.82,N,Y,
2229,Cranbrook Ava Zuo & Leo Zhang,Zhang & Zuo,1460.629,N,N,
2230,Round Rock MG,Ganesh & Mallu,1460.621,N,N,
2231,William Fremd PM,Mallavajjala & Patel,1460.356,N,N,
2232,Canyon Crest Locklan Hudson & Jacob Solomon,Hudson & Solomon,1460.141,N,N,
2233,Blue Ridge ZC,Choi & Zhang,1459.866,N,N,
2234,Independent Hamilton RR,Rahman & Rajan,1459.645,N,N,
2235,McLean SD,Deng & Sandhu,1459.484,N,N,
2236,Bergen MT,Mei & Tran,1459.48,N,N,
2237,Adlai E. Stevenson MW,Mehta & Wu,1459.462,N,N,
2238,OES KK,Kim & Kim,1459.188,N,Y,
2239,Lovett VN,Norlander & Os,1459.108,N,N,
2240,Benjamin AO,Allen & Olbers,1459.085,N,N,
2241,Wheatley WC,Cai & Wong,1458.976,N,N,
2242,Brooks Debate Institute PT,Prasant & Thunuguntla,1458.962,N,N,
2243,Jordan Wu & Bui,Bui & Wu,1458.877,N,N,
2244,Campbell Hall Rae Belanoff & Avital Dumontet,Belanoff & Dumontet,1458.489,N,N,
2245,Emerald BJ,Bala & Jha,1458.382,N,N,
2246,Frist Institute TG,Ganesh & Tauro,1458.338,N,N,
2247,Cranbrook NY,Nguyen & Yu,1458.284,N,Y,
2248,NS Independent KX,Kapasi & Xiong,1458.137,N,N,
2249,Mission San Jose GG,Gunasekaran & Gupta,1458.137,N,N,
2250,Cambridge LM,Lewis & Marsh,1458.052,N,N,
2251,Bergen OS,O'Hara & Shah,1457.937,N,N,
2252,Bronx Science BM,Boughal & Mamgain,1457.842,N,N,
2253,San Marino MT,Mak & Tao,1457.51,N,N,
2254,Mountain Brook PB,Bradford & Pringle,1457.507,N,N,
2255,Maret EH,Easterly-Zebley & Houghton,1457.419,N,N,
2256,Wake Prep WC,Culver & Wyatt,1456.98,N,N,
2257,Bronx Science DP,Dugar & Patel,1456.901,N,N,
2258,Strake Jesuit  DP,Davis & Pruneda,1456.901,N,N,
2259,Flintridge Sacred Heart DY,Donahue & Yue,1456.871,N,N,
2260,BASIS Peoria Independent TK,Kim & Tummala,1456.843,N,N,
2261,Charlotte Country Day VV,Varanese & Varanese,1456.609,N,N,
2262,Nova LP,Lewis & Porris,1456.459,N,N,
2263,Taipei American HS,Hsieh & Shih,1456.393,N,N,
2264,Montgomery BB,Baker & Britt,1456.338,N,N,
2265,Dougherty Valley AT,Agarwal & Thacker,1456.337,N,N,
2266,Wissahickon SP,Perilstein & Saro,1456.095,N,N,
2267,Montgomery Township NK,Khurana & Nagireddy,1455.976,N,N,
2268,Dougherty Valley SC,Chen & Singh,1455.864,N,Y,
2269,Paradise Valley KJ,John & Khandelwal,1455.822,N,N,
2270,Ardrey Kell NC,Choudhary & Nemalikanti,1455.648,N,N,
2271,Edina AM,Allocco & Ma,1455.647,N,N,
2272,BASIS Scottsdale AW,Arul & Wong,1455.584,N,N,
2273,Palm Harbor DS,Daniel & Sandusky,1455.561,N,N,
2274,JR Masterman BD,Branas & Dhiamandi,1455.546,N,N,
2275,Fairmont Prep WT,Thavornvach & Woo,1455.4,N,N,
2276,West Windsor Plainsboro South WC,Bedoya & Wang,1455.357,N,N,
2277,Collegiate PX,Palmer & Xu,1455.143,N,N,
2278,Clear Lake CF,Cook & Falls,1455.065,N,N,
2279,Oakwood FL,Fischer & Light,1454.866,N,N,
2280,Cambridge Rindge and Latin ML,Lkhagvajargal & Mazumdar,1454.859,N,N,
2281,American DJ,Devarashetty & Jindal,1454.673,N,N,
2282,Los Altos KK,Ku & Kumar,1454.406,N,N,
2283,Collegiate SU,Srivastava & Uribe,1454.351,N,N,
2284,Notre Dame San Jose VG,Gandhi & Varshney,1454.217,N,N,
2285,Mira Loma SG,Gundimeda & Sharma,1454.013,N,N,
2286,Collegiate EY,Ewart & Yan,1453.997,N,N,
2287,College Prep AJ,Acharya & Jain,1453.991,N,N,
2288,Head-Royce BW,Bauer-Kahan & Wong,1453.888,N,N,
2289,Chapin GY,Gooden & Yi,1453.887,N,N,
2290,Math and Science TD,Duangphouxay & Thiegs,1453.616,N,N,
2291,Fort Atkinson CY,Crossman & Yin,1453.3,N,N,
2292,Mountain House KD,Dhruv & Kumar,1453.257,N,N,
2293,George Washington SB,Bellamy & Sawyer,1453.101,N,N,
2294,Midtown HG,Goldman & Hyken,1452.933,N,N,
2295,Wayzata LS,Lam & Singh,1452.899,N,N,
2296,Cypress Bay MB,Bhondave & Malihot,1452.386,N,N,
2297,Seven Lakes YM,Mehta & Yechuri,1452.356,N,N,
2298,Rowland Hall GG,Gerhardt & Gerhardt,1452.115,N,N,
2299,Math and Science SK,Kamisetty & Senthilkumar,1452.077,N,N,
2300,Cardinal Spellman KS,Kanu & Summers,1451.868,N,N,
2301,Lawrenceville LS,Lee & Soni,1451.824,N,N,
2302,Arlington PA,Atherton & Potere,1451.789,N,N,
2303,American Heritage Palm Beach HS,Howe & Shleifer,1451.755,N,N,
2304,Central GP,Geffen & Pierce,1451.368,N,N,
2305,Nightingale Bamford LW,Lee & Weld,1450.946,N,N,
2306,StJoh Kulkarni & Pandya,Kulkarni & Pandya,1450.881,N,Y,
2307,Quarry Lane SW,Sharma & Wang,1450.816,N,N,
2308,Potomac DZ,Dayananda & Zhang,1450.809,N,N,
2309,Dulles Chippalthurty & Grover,Chippalthurty & Grover,1450.698,N,N,
2310,Eagan AS,Ahmed & Schumacher,1450.679,N,N,
2311,Hamilton HG,Grewal & Hassan,1450.393,N,N,
2312,Roslyn CQ,Clarke & Quadri,1449.982,N,N,
2313,Polytechnic HC,Chiang-Zanoria & Hong,1449.959,N,N,
2314,Carrollton AS,Aggarwal & Stuart,1449.906,N,N,
2315,James Logan AM,Amini & Mutti,1449.795,N,N,
2316,Mountain Brook BB,Bradford & Brasher,1449.744,N,N,
2317,Gulliver Prep TS,Schwartz & Tabatchnik,1449.561,N,N,
2318,Carrollton YW,Walker & Yancey,1449.486,N,N,
2319,HS of American Studies MC,Coleman & Mendez,1449.296,N,N,
2320,Potomac WT,Thurow & Wang,1448.957,N,N,
2321,Western SN,Nortman & Stewart,1448.856,N,N,
2322,Westborough AP,Addagudi & Pargaonkar,1448.806,N,N,
2323,Harker CE,Cheng & Eyal,1448.73,N,N,
2324,Benjamin AS,Azqueta & Sluiters,1448.298,N,N,
2325,Molloy CL,Contreras & Lukose,1448.271,N,N,
2326,L C Anderson BS,Benko & Spindler,1448.164,N,N,
2327,American Heritage Broward SJ,Jos & Shin,1447.994,N,N,
2328,Durham WH,Hackman & Wilber,1447.975,N,N,
2329,Newton South CS,Cheung & Sun,1447.753,N,N,
2330,BASIS Scottsdale BZ,Battu & Zhou,1447.629,N,N,
2331,Wayzata KG,Gupta & Khan,1447.612,N,Y,
2332,Portsmouth PD,Doshi & Pinto,1447.563,N,N,
2333,Hanover ST,Saemann & Trombley,1447.554,N,N,
2334,Summit MZ,Mazo & Zarro,1447.426,N,N,
2335,Lexington BD,Botla & Do,1447.308,N,N,
2336,Winchester YG,Gierga & Yang,1447.273,N,N,
2337,Cherokee Trail KM,Kershaw & Macmillan,1447.204,N,N,
2338,Taipei American LL,Lee & Liu,1447.175,N,Y,
2339,Quarry Lane SL,Li & Sharma,1447.115,N,N,
2340,Brooklyn Technical PK,Kenneally & Persad,1446.985,N,N,
2341,Hunter RS,Rodriguez & Snodgrass,1446.911,N,N,
2342,Montgomery Blair LM,Li & Mane,1446.888,N,N,
2343,Altamont SV,Shah & Vedre,1446.886,N,N,
2344,Natick AB,Avitzur & Benoit,1446.795,N,N,
2345,Rowland Hall AL,Ali & Llewellyn,1446.786,N,N,
2346,Lake Mary PD,Di & Plourde,1446.702,N,N,
2347,San Marino WW,Wang & Wang,1446.535,N,Y,
2348,Nova Classical DC,Coleman-Harrell & Delgado,1446.459,N,N,
2349,Lincoln-Sudbury KM,Karmacharya & McKinney,1446.419,N,N,
2350,Math and Science PJ,Jayanth & Pawar,1446.275,N,N,
2351,George Washington DM,DeBoskey & Mulvany,1446.123,N,N,
2352,Newtown AF,Ammerman & Feder,1446.077,N,N,
2353,Brooks Debate Institute MV,Memon & Viswanathan,1445.858,N,N,
2354,Palm Harbor TT,Totah & Totah,1445.826,N,N,
2355,George Washington SW,Sheehan & Weyls,1445.781,N,N,
2356,Edina WF,Fiddelke & Wu,1445.568,N,N,
2357,Southern Lehigh BK,Bozorgnia & Kunnath,1445.501,N,N,
2358,Park City HF,Fellow & Hoffman,1445.308,N,N,
2359,Resurrection Christian SB,Browning & Salazar,1445.216,N,N,
2360,Phoenix AJ,Ahilan & Jiang,1445.202,N,N,
2361,Newton North KU,Kristo & Unniraman,1445.189,N,N,
2362,BASIS Scottsdale Evelyn Pomatto & Aahaan Batra,Batra & Pomatto,1445.112,N,N,
2363,Olympic Heights LC,Cohen & Levy,1445.053,N,N,
2364,JR Masterman FS,Felderman & Seder,1444.664,N,N,
2365,Mountain House BS,Bharathiraja & Somashekar,1444.607,N,N,
2366,Brooklyn Technical AO,Ademi & Olim,1444.439,N,N,
2367,Theodore Roosevelt RE,Erwin & Rossow,1444.047,N,N,
2368,Stockdale HT,Hernandez & Trang,1443.895,N,N,
2369,Oyster River MB,Bussey & Milutinovich,1443.737,N,N,
2370,Midwood YL,Le & Yakhayeva,1443.722,N,N,
2371,Lassiter GG,Gardner & Giusto,1443.589,N,N,
2372,North Allegheny AB,Abdulmajeed & Bharaneedharan,1443.377,N,N,
2373,Mountain House SeSu,Seelam & Sudheendra,1443.255,N,N,
2374,National Debate Club (NDC) SI,Indlamuri & Sharma,1443.194,N,N,
2375,Westmont NL,Lee & Nellayappan,1443.047,N,N,
2376,Oxbridge MS,Multack & Sosin,1442.902,N,N,
2377,Collegiate MW,Mena & Warner,1442.563,N,N,
2378,Carrollton BP,Berg & Pace,1442.529,N,N,
2379,Hawken HoPo,Honda & Pollock,1442.455,N,N,
2380,Bronx Science GM,Greenberg & Mattoo,1442.085,N,Y,
2381,Fairmont Prep SC,Chang & Sarhangnejad,1442.001,N,N,
2382,University Neighborhood NC,Corlette & Nguyen,1441.806,N,N,
2383,Unionville PL,Liu & Pampati,1441.781,N,N,
2384,Midwood CU,Chen & Uguzovas,1441.663,N,N,
2385,Lakeville North MU,Menon & Usmani,1441.519,N,N,
2386,Belen Jesuit Prep KR,Kleszczewski & Rhodes,1441.301,N,N,
2387,HS of American Studies KH,Hardouin & Kolaj,1441.29,N,N,
2388,East Ridge DM,Dilip & Mikkilineni,1441.233,N,N,
2389,Molloy LX,Liu & Xiao,1441.196,N,Y,
2390,NS Independent DB,Ben-Levi & Da,1440.998,N,N,
2391,College Prep FP,Fiman & Perkins,1440.821,N,N,
2392,Dr. Phillips TM,Metre & Thomas,1440.55,N,N,
2393,Townsend Harris NN,Noor & Nozaki,1440.222,N,N,
2394,Math and Science KJ,Jayanth & Kesharwani,1440.14,N,N,
2395,VDA - Vancouver ZG,Guo & Zhang,1439.673,N,N,
2396,Greene School - GS,Gronberg & Sprayregen,1439.594,N,N,
2397,Cardinal Spellman AF,Arias & Felix,1439.552,N,N,
2398,Canyon Crest HJ,Hudson & Jin,1439.508,N,N,
2399,Brooklyn Technical ZS,Sharma & Zhang,1439.074,N,N,
2400,Westlake SC,Cheema & Siraj,1438.829,N,N,
2401,Vanguard Independent SV,Saxena & Verdan,1438.559,N,N,
2402,Bridgewater Raritan MB,Bansal & Malkari,1438.459,N,N,
2403,Hill HH,Hu & Huang,1438.371,N,N,
2404,Taipei American PI,Isogai & Park,1438.081,N,N,
2405,JR Masterman MS,Miller & Seder,1437.09,N,N,
2406,McLean LN,Lee & Nguyen,1436.913,N,Y,
2407,Western SW,Savin & Wagner,1436.866,N,N,
2408,Dougherty Valley GM,Gireesha & Mallajosyula,1436.711,N,N,
2409,Bergen County Academies WK,Kashyap & Watanabe,1436.556,N,N,
2410,Lawrenceville GG,Greenwood & Griswold,1436.311,N,N,
2411,Los Altos CI,Chan & Ing,1436.021,N,N,
2412,Charles W Flanagan BL,Borges & Libreros,1435.329,N,N,
2413,Mission San Jose GR,Gupta & Ramakrishnan,1435.056,N,N,
2414,Denver East SG,Goodman & Saavedra,1434.67,N,N,
2415,Canyon Crest HP,Huang & Peng,1434.529,N,N,
2416,Bergen PJ,Joshi & Peacock,1434.443,N,N,
2417,Canyon Crest NH,Hu & Najafian,1433.349,N,N,
2418,Ardrey Kell AP,Ahmed & Pattan,1433.131,N,N,
2419,Pusch Ridge Christian CU,Calhoun & Urias,1432.803,N,N,
2420,Newton South AW,Adler & Wu,1432.73,N,N,
2421,McDowell DM,Davidson & Mohammed,1432.155,N,N,
2422,Carlsbad FS,Francisco & Sarris,1431.899,N,N,
2423,Valley Christian XH,Huang & Xu,1431.888,N,Y,
2424,Adlai E. Stevenson RaSr,Rajpal & Sriram,1431.689,N,N,
2425,Dr. Phillips SL,Lopez & Salles,1431.553,N,N,
2426,Dougherty Valley JC,Cheng & Jiang,1431.162,N,Y,
2427,Brophy LO,Lemieux & Ondrachek,1430.949,N,N,
2428,Loyola HS,Hannon & Sloan-Farook,1430.306,N,N,
2429,Paul Laurence Dunbar MV,Mardini & Vaish,1430.292,N,N,
2430,Leland QD,Dubey & Qamar,1429.739,N,N,
2431,Duchesne Academy of the Sacred Heart BH,Balderas & Holifield,1429.526,N,N,
2432,Charles W Flanagan SD,Diaz & Sanjudo,1429.327,N,N,
2433,Vanguard Independent SS,Sapkal & Saxena,1429.281,N,N,
2434,Bishop Moore Catholic ON,Nadeau & Olivia,1429.133,N,N,
2435,Marriotts Ridge HH,Hagan & Hwang,1428.951,N,N,
2436,HS of American Studies BB,Brindle-Khym & Brittelle,1428.913,N,N,
2437,Vanguard Independent NP,Nukala & Pullela,1428.501,N,N,
2438,Alliance TD,Dingare & Tirumareddi,1428.464,N,N,
2439,American Heritage Broward AA,Allain & Allain-Tereshchenko,1428.335,N,N,
2440,Christopher Columbus SL,Lawrence & Sacher,1427.854,N,N,
2441,William Fremd SK,Karanjkar & Soni,1427.737,N,N,
2442,Roslyn KH,Hsiao & Kaufman,1427.554,N,N,
2443,Flintridge Prep RO,Ochoa & Robinson,1427.235,N,N,
2444,Marriotts Ridge AN,Agarwal & Nwosu,1427.23,N,N,
2445,Lake Mary LK,Klaus & LaRose,1427.087,N,N,
2446,Brophy PR,Perrin & Raghavan,1427.012,N,N,
2447,Brooklyn Technical JT,Jones & Toya,1426.828,N,N,
2448,Cranbrook GW,Guo & Weizer,1426.149,N,N,
2449,Layton WB,Black & Williams,1425.685,N,N,
2450,Loyola WY,Wilson & Yiu,1425.489,N,N,
2451,Westwood KL,Kennedy & Lim,1424.46,N,N,
2452,Cranbrook LD,Ding & Li,1424.35,N,Y,
2453,Brooklyn Technical D,Budin & Dobran,1424.28,N,N,
2454,Freehold Township MW,Moss & Wadhia,1424.098,N,N,
2455,Newpor Lee & Wang,Lee & Wang,1423.98,N,Y,
2456,Fairmont Prep SS,Sodhi & Sodhi,1423.7,N,N,
2457,Harker Eva Petrova & Bhadra Pramod,Petrova & Pramod,1422.011,N,N,
2458,Bishop Gorman KL,Khachoyan & Latimer,1420.895,N,N,
2459,Success Academy HSLA-MANHATTAN AI,Allison & Iqra,1419.894,N,N,
2460,Bishop Gorman RK,Khachoyan & Rankin,1419.09,N,N,
2461,Torrey Pines SM,Mahendran & Singhai,1418.84,N,N,
2462,Belen Jesuit Prep KC,Conde & Kleszczewski,1417.674,N,N,
2463,Math and Science PG,Gilbert & Pawar,1417.489,N,N,
2464,HS of American Studies BD,Boon-Bordenave & Dillon-Eirich,1416.77,N,N,
2465,Math and Science DF,Deepak & Foster,1416.168,N,N,
2466,Long Branch MR,Mendoza & Roman-Gil,1415.552,N,N,
2467,North Allegheny DL,Durisheti & Liu,1415.156,N,Y,
2468,Edward R Murrow JM,James & Martinez,1415.146,N,N,
2469,St Ignatius  HL,Hwang & Lee,1415.043,N,Y,
2470,HS of American Studies EC,Caswell & Esparza,1414.925,N,N,
2471,Loyola DK,Diab & Kim,1414.312,N,N,
2472,Taipei American HC,Chang & Huang,1414.075,N,Y,
2473,Schreiber DM,Dhillon & Messina,1413.333,N,N,
2474,HS of American Studies LM,Liu & Metzner,1413.039,N,N,
2475,Schreiber LC,Chernosky & Loftus,1411.08,N,N,
2476,Denver East CM,Cavens & Mohare,1410.729,N,N,
2477,Charles W Flanagan WQ,Quintero & Warner,1409.133,N,N,
2478,Montgomery DD,Daryanani & Doan,1409.049,N,N,
2479,Milpitas TZ,Thayil & Zheng,1407.687,N,N,
2480,Waring LH,Goodman & Hennessey,1406.934,N,N,
2481,Freehold Township YY,Young & Young,1406.464,N,N,
2482,Success Academy HSLA-MANHATTAN MM,Mabry & Mckenzie,1403.728,N,N,
2483,Molloy SV,Satyanarayana & Vanegas,1403.279,N,N,
2484,Loyola KU,Kyle & Uyeunten,1400.783,N,N,
2485,Quarry Lane RB,Bademi & Rankupalli,1399.465,N,N,
2486,Gunn BM,Barile & Mejia,1396.398,N,N,
2487,Byram Hills GD,Dantu & Ghelarducci,1394.998,N,N,
2488,Loyola KN,Kedeshian & Novshad,1394.943,N,N,
2489,McDowell AA,Ahmad & Allen,1394.444,N,N,
2490,Grace Church WO,Olley & Waddell-Rodriguez,1393.135,N,N,
2491,Loyola BT,Besada & Turse,1392.919,N,N,
2492,Loyola KC,Cucher & Kim,1391.821,N,N,
2493,Brooklyn Technical JS,Johnson & Sarcos,1391.389,N,N,
2494,Harker YZ,Yu & Zhang,1390.03,N,Y,
2495,Cranbrook MS,Modi & Swami,1388.695,N,N,
2496,NSU AL,Annese & Lindley,1379.842,N,N,
2497,Collegiate KK,Kahn & Kulman,1379.483,N,N,
2498,Bettendorf BN,Buntemeyer & Newman,1379.25,N,N,
2499,Cypress Bay ShGu,Guzman & Shetty,1376.429,N,N,